age,fnlwgt,education-num,capital-gain,capital-loss,hours-per-week,workclass_Non-Private,workclass_Private,marital-status_Married,marital-status_Non-Married,occupation_Managerial-Specialist,occupation_Other,relationship_Husband,relationship_Non-Husband,race_Non-White,race_White,sex_Female,sex_Male,native-country_Non-US,native-country_US,prediction
4.901579,-4.5503783,5.4747424,-1.6785697,4.6644998,5.047401,1.0,0.0,0.0,1.0,1.0,0.0,0.0,1.0,0.0,1.0,0.0,1.0,0.0,1.0,1
-3.7504263,4.3992167,5.1933856,-0.78808534,4.37821,4.512845,1.0,0.0,1.0,0.0,1.0,0.0,1.0,0.0,0.0,1.0,0.0,1.0,0.0,1.0,1
4.1528044,4.2018204,4.1145687,-1.5588831,4.1399283,4.381136,0.0,1.0,0.0,1.0,0.0,1.0,0.0,1.0,0.0,1.0,0.0,1.0,0.0,1.0,1
5.121246,4.747335,4.9446106,-2.0190506,4.6526055,5.0403767,0.0,1.0,1.0,0.0,0.0,1.0,1.0,0.0,1.0,0.0,0.0,1.0,0.0,1.0,1
4.759427,4.831688,5.4654927,-2.2058108,4.644002,5.0260634,0.0,1.0,1.0,0.0,1.0,0.0,0.0,1.0,1.0,0.0,1.0,0.0,1.0,0.0,1
4.981139,4.6861806,4.094467,-1.7266606,4.717228,4.4104557,0.0,1.0,0.0,1.0,0.0,1.0,0.0,1.0,1.0,0.0,1.0,0.0,1.0,0.0,1
5.0786986,4.742348,5.207159,-2.0740886,4.6551876,5.0795975,1.0,0.0,1.0,0.0,1.0,0.0,1.0,0.0,0.0,1.0,0.0,1.0,0.0,1.0,1
4.871507,4.796695,5.2886844,-2.170314,4.6542416,5.437716,0.0,1.0,1.0,0.0,1.0,0.0,1.0,0.0,1.0,0.0,0.0,1.0,0.0,1.0,1
4.785231,4.690256,5.4661093,-2.1490624,4.6407976,5.036854,1.0,0.0,1.0,0.0,1.0,0.0,1.0,0.0,1.0,0.0,0.0,1.0,1.0,0.0,1
4.33993,4.6883373,4.753875,-1.8845487,4.61807,4.7141953,0.0,1.0,0.0,1.0,1.0,0.0,0.0,1.0,0.0,1.0,1.0,0.0,0.0,1.0,1
4.5892467,4.7578235,5.2288146,-0.7983405,-4.647779,5.0973787,0.0,1.0,0.0,1.0,0.0,1.0,0.0,1.0,1.0,0.0,0.0,1.0,0.0,1.0,1
4.94639,4.6741095,5.281235,-2.085055,4.629768,5.025099,0.0,1.0,1.0,0.0,0.0,1.0,1.0,0.0,1.0,0.0,0.0,1.0,0.0,1.0,1
4.9448333,4.760615,4.465299,-1.9292866,4.709266,5.095506,0.0,1.0,1.0,0.0,0.0,1.0,1.0,0.0,1.0,0.0,0.0,1.0,1.0,0.0,1
4.3409405,4.712525,4.5524225,-1.7563249,4.73232,4.8037124,1.0,0.0,0.0,1.0,0.0,1.0,0.0,1.0,0.0,1.0,0.0,1.0,0.0,1.0,1
4.3483453,4.7206845,4.6501055,-1.8362305,4.6566896,4.883888,0.0,1.0,0.0,1.0,1.0,0.0,0.0,1.0,0.0,1.0,0.0,1.0,0.0,1.0,1
4.917735,4.611078,4.935736,-2.000703,4.667571,5.1234436,0.0,1.0,1.0,0.0,0.0,1.0,1.0,0.0,0.0,1.0,0.0,1.0,0.0,1.0,1
4.9684772,4.7945423,5.375904,-2.0510087,4.651127,5.0508394,1.0,0.0,0.0,1.0,1.0,0.0,0.0,1.0,0.0,1.0,1.0,0.0,0.0,1.0,1
4.861332,4.540971,4.0251484,-1.6400007,4.3674054,4.2716613,0.0,1.0,0.0,1.0,0.0,1.0,0.0,1.0,1.0,0.0,1.0,0.0,0.0,1.0,1
3.8351321,3.5715394,3.5574007,-1.3963435,3.6147032,3.9444282,1.0,0.0,1.0,0.0,0.0,1.0,1.0,0.0,1.0,0.0,0.0,1.0,0.0,1.0,1
4.710145,4.410693,4.7816153,-1.967539,4.8424816,4.77371,0.0,1.0,1.0,0.0,0.0,1.0,1.0,0.0,0.0,1.0,0.0,1.0,0.0,1.0,1
5.180856,4.666612,4.5538063,-1.8499138,4.656725,4.926941,0.0,1.0,0.0,1.0,0.0,1.0,0.0,1.0,0.0,1.0,1.0,0.0,0.0,1.0,1
5.1335993,4.7453246,5.473752,-2.0964837,4.645375,5.0208087,1.0,0.0,1.0,0.0,0.0,1.0,1.0,0.0,0.0,1.0,0.0,1.0,0.0,1.0,1
4.0603294,4.703493,4.4321256,-1.7349014,4.6654663,4.720521,0.0,1.0,0.0,1.0,0.0,1.0,0.0,1.0,0.0,1.0,0.0,1.0,0.0,1.0,1
-3.9811225,4.721799,5.257158,-0.78520983,4.639944,5.248698,0.0,1.0,1.0,0.0,0.0,1.0,1.0,0.0,1.0,0.0,0.0,1.0,1.0,0.0,1
4.884797,4.8468475,5.1528883,-2.0177128,4.6499367,5.447946,0.0,1.0,0.0,1.0,1.0,0.0,0.0,1.0,0.0,1.0,0.0,1.0,0.0,1.0,1
5.043772,4.725395,5.163582,-2.0534868,4.6568375,5.030874,0.0,1.0,1.0,0.0,0.0,1.0,1.0,0.0,0.0,1.0,0.0,1.0,0.0,1.0,1
4.4992194,4.7154603,5.1004767,-1.9008787,4.6741695,5.130868,1.0,0.0,0.0,1.0,0.0,1.0,0.0,1.0,0.0,1.0,0.0,1.0,0.0,1.0,1
3.8757062,4.773663,4.565129,-1.7783179,4.646899,4.789146,0.0,1.0,0.0,1.0,0.0,1.0,0.0,1.0,1.0,0.0,0.0,1.0,0.0,1.0,1
5.012539,-4.329461,5.4590683,-1.7429878,4.95969,5.0366707,0.0,1.0,0.0,1.0,1.0,0.0,0.0,1.0,0.0,1.0,0.0,1.0,0.0,1.0,1
4.8480787,4.663041,5.1988606,-2.039387,4.6541924,5.054778,1.0,0.0,1.0,0.0,1.0,0.0,0.0,1.0,0.0,1.0,0.0,1.0,0.0,1.0,1
4.471101,-4.164827,4.8215227,-1.5202074,4.4151917,4.516168,1.0,0.0,1.0,0.0,0.0,1.0,1.0,0.0,1.0,0.0,0.0,1.0,0.0,1.0,1
5.1426644,4.753809,4.6166267,-1.8868006,4.723675,5.0501747,0.0,1.0,0.0,1.0,1.0,0.0,0.0,1.0,0.0,1.0,0.0,1.0,1.0,0.0,1
3.9678705,4.7177258,4.65669,-1.8215445,4.641701,4.811759,0.0,1.0,0.0,1.0,1.0,0.0,0.0,1.0,0.0,1.0,0.0,1.0,0.0,1.0,1
4.454987,4.960304,4.983123,-2.0504115,4.6176624,4.8261337,0.0,1.0,1.0,0.0,1.0,0.0,0.0,1.0,0.0,1.0,1.0,0.0,0.0,1.0,1
4.8387246,4.6417055,5.164452,-2.0396802,4.639664,5.011389,0.0,1.0,1.0,0.0,0.0,1.0,1.0,0.0,0.0,1.0,0.0,1.0,0.0,1.0,1
5.0250454,4.7799306,5.411876,-2.1172242,4.643909,5.020225,1.0,0.0,1.0,0.0,1.0,0.0,1.0,0.0,0.0,1.0,0.0,1.0,0.0,1.0,1
4.8385735,4.9428053,4.6976113,-1.9823458,4.6430254,5.042033,0.0,1.0,1.0,0.0,1.0,0.0,1.0,0.0,0.0,1.0,0.0,1.0,0.0,1.0,1
4.701231,-4.4644423,5.466221,-0.5119527,4.643713,-4.055389,0.0,1.0,1.0,0.0,0.0,1.0,1.0,0.0,0.0,1.0,0.0,1.0,0.0,1.0,1
5.0857024,-4.5607605,4.6112623,-1.5219527,4.6640944,4.951332,0.0,1.0,0.0,1.0,1.0,0.0,0.0,1.0,0.0,1.0,1.0,0.0,0.0,1.0,1
4.21588,4.7895527,4.4664783,-1.7455736,4.651708,4.6868973,0.0,1.0,0.0,1.0,0.0,1.0,0.0,1.0,0.0,1.0,0.0,1.0,0.0,1.0,1
-3.9942799,-4.492402,5.1758866,-0.35897434,4.6441054,5.01959,0.0,1.0,1.0,0.0,1.0,0.0,1.0,0.0,0.0,1.0,0.0,1.0,0.0,1.0,1
4.962902,4.6847653,5.3441133,-2.0597963,4.6411953,4.9815106,0.0,1.0,0.0,1.0,1.0,0.0,0.0,1.0,0.0,1.0,1.0,0.0,0.0,1.0,1
4.9513364,4.6769013,5.3500977,-1.0345939,4.67477,-4.188279,1.0,0.0,1.0,0.0,0.0,1.0,1.0,0.0,0.0,1.0,0.0,1.0,0.0,1.0,1
4.3991685,-4.429284,5.0315647,-1.5592296,4.6674447,4.982029,0.0,1.0,0.0,1.0,1.0,0.0,0.0,1.0,0.0,1.0,0.0,1.0,0.0,1.0,1
4.5916657,4.6100726,5.1037416,-2.0903492,4.633274,4.9977036,0.0,1.0,1.0,0.0,1.0,0.0,0.0,1.0,1.0,0.0,1.0,0.0,0.0,1.0,1
3.9925735,4.7672668,4.1538258,-1.6953039,4.6423945,4.489816,0.0,1.0,0.0,1.0,0.0,1.0,0.0,1.0,0.0,1.0,1.0,0.0,0.0,1.0,1
-4.006149,4.7651114,5.475725,-0.734813,4.6548176,5.2055545,1.0,0.0,0.0,1.0,1.0,0.0,0.0,1.0,0.0,1.0,0.0,1.0,0.0,1.0,1
5.034765,4.6699586,5.1216583,-1.9679391,4.728162,5.2575293,1.0,0.0,0.0,1.0,1.0,0.0,0.0,1.0,0.0,1.0,0.0,1.0,0.0,1.0,1
4.9758987,4.7498302,5.239928,-2.0691674,4.6461873,5.0267334,0.0,1.0,1.0,0.0,0.0,1.0,1.0,0.0,0.0,1.0,0.0,1.0,0.0,1.0,1
5.069739,4.7382374,4.4185815,-1.9361405,4.7162814,5.041577,0.0,1.0,1.0,0.0,1.0,0.0,1.0,0.0,0.0,1.0,0.0,1.0,1.0,0.0,1
4.885208,4.620212,5.2603893,-2.0687087,4.653529,5.044096,0.0,1.0,1.0,0.0,0.0,1.0,1.0,0.0,0.0,1.0,0.0,1.0,1.0,0.0,1
4.950057,4.7072453,5.198358,-0.89267504,-4.5984564,5.1187725,0.0,1.0,1.0,0.0,1.0,0.0,1.0,0.0,0.0,1.0,0.0,1.0,0.0,1.0,1
4.7804623,4.7323766,5.2215557,-2.1076741,4.6536694,5.0302744,0.0,1.0,1.0,0.0,1.0,0.0,1.0,0.0,0.0,1.0,0.0,1.0,0.0,1.0,1
4.3042827,4.7947564,4.007288,-1.6490226,4.687911,4.6611795,0.0,1.0,0.0,1.0,0.0,1.0,0.0,1.0,0.0,1.0,0.0,1.0,0.0,1.0,1
5.035525,-4.520915,5.17665,-1.7143414,4.6720047,5.042587,0.0,1.0,1.0,0.0,0.0,1.0,1.0,0.0,0.0,1.0,0.0,1.0,0.0,1.0,1
4.5688934,4.6613197,4.8917274,-1.8822167,4.6515956,5.1633153,0.0,1.0,0.0,1.0,0.0,1.0,0.0,1.0,0.0,1.0,0.0,1.0,0.0,1.0,1
-4.2615585,4.708491,5.1316333,-0.7033415,4.6629558,5.045637,0.0,1.0,1.0,0.0,0.0,1.0,1.0,0.0,0.0,1.0,0.0,1.0,0.0,1.0,1
4.503613,-4.504988,4.529015,-1.4739599,4.659994,4.832099,0.0,1.0,0.0,1.0,1.0,0.0,0.0,1.0,0.0,1.0,1.0,0.0,0.0,1.0,1
5.085861,-4.5292726,5.063513,0.6575461,-4.691309,-4.2965355,0.0,1.0,1.0,0.0,1.0,0.0,0.0,1.0,0.0,1.0,1.0,0.0,0.0,1.0,1
-4.016434,4.7305336,5.2629833,-0.8373081,4.6365848,5.1349506,1.0,0.0,1.0,0.0,1.0,0.0,1.0,0.0,0.0,1.0,0.0,1.0,0.0,1.0,1
4.425006,4.7258897,4.7232504,-1.8289257,4.668203,4.914763,1.0,0.0,0.0,1.0,1.0,0.0,0.0,1.0,0.0,1.0,0.0,1.0,0.0,1.0,1
3.8594491,4.655047,4.562904,-1.7788355,4.6407933,4.6377525,0.0,1.0,0.0,1.0,1.0,0.0,0.0,1.0,0.0,1.0,0.0,1.0,0.0,1.0,1
4.555174,4.809089,4.850658,-1.9095852,4.6338863,4.890336,0.0,1.0,0.0,1.0,0.0,1.0,0.0,1.0,1.0,0.0,1.0,0.0,0.0,1.0,1
4.046512,4.7270746,4.6814227,-1.8312088,4.6396794,4.8327885,0.0,1.0,0.0,1.0,1.0,0.0,0.0,1.0,0.0,1.0,0.0,1.0,0.0,1.0,1
-3.6202402,4.681969,5.2525883,-0.84917265,4.65502,4.8545685,0.0,1.0,1.0,0.0,1.0,0.0,0.0,1.0,0.0,1.0,0.0,1.0,0.0,1.0,1
3.8852923,4.2256393,4.0393834,-1.546756,4.1420603,4.4267955,0.0,1.0,0.0,1.0,0.0,1.0,0.0,1.0,0.0,1.0,0.0,1.0,1.0,0.0,1
4.129126,3.8279545,4.6104746,-1.7609887,3.8492239,4.2329874,0.0,1.0,1.0,0.0,1.0,0.0,1.0,0.0,0.0,1.0,0.0,1.0,0.0,1.0,1
5.3027687,4.7549853,4.6503253,-1.9380785,4.6600666,4.6571093,0.0,1.0,1.0,0.0,1.0,0.0,1.0,0.0,0.0,1.0,0.0,1.0,0.0,1.0,1
3.9713604,4.8281126,3.9189131,-1.6306278,4.6396937,4.333592,0.0,1.0,0.0,1.0,0.0,1.0,0.0,1.0,0.0,1.0,1.0,0.0,0.0,1.0,1
4.8524375,4.687125,4.529121,-1.8817608,4.735185,5.020865,1.0,0.0,1.0,0.0,0.0,1.0,1.0,0.0,0.0,1.0,0.0,1.0,0.0,1.0,1
4.0628686,-4.317208,4.455858,-1.3833643,4.680446,4.6126204,0.0,1.0,0.0,1.0,0.0,1.0,0.0,1.0,0.0,1.0,0.0,1.0,0.0,1.0,1
5.0812726,-4.414972,5.47389,-1.8230829,4.6378274,5.0386233,0.0,1.0,1.0,0.0,0.0,1.0,1.0,0.0,0.0,1.0,0.0,1.0,1.0,0.0,1
-4.084576,4.6353045,5.160629,-0.7544802,4.655945,5.0587597,0.0,1.0,1.0,0.0,0.0,1.0,0.0,1.0,0.0,1.0,1.0,0.0,0.0,1.0,1
5.1788387,-4.507992,5.20021,-1.7339228,4.6618667,5.120657,0.0,1.0,1.0,0.0,0.0,1.0,1.0,0.0,0.0,1.0,0.0,1.0,0.0,1.0,1
5.111318,4.8279686,4.464066,-1.8254981,4.650538,4.8256984,0.0,1.0,0.0,1.0,0.0,1.0,0.0,1.0,0.0,1.0,1.0,0.0,0.0,1.0,1
5.0395126,4.7873945,5.164819,-2.026505,4.6673636,5.0394697,1.0,0.0,1.0,0.0,0.0,1.0,1.0,0.0,0.0,1.0,0.0,1.0,0.0,1.0,1
4.242297,4.6319275,4.0981584,-1.6633532,4.6955676,4.670662,0.0,1.0,0.0,1.0,0.0,1.0,0.0,1.0,0.0,1.0,0.0,1.0,0.0,1.0,1
-4.1483064,4.8795033,5.64074,-0.74309355,4.6401105,5.150761,1.0,0.0,0.0,1.0,1.0,0.0,0.0,1.0,0.0,1.0,1.0,0.0,0.0,1.0,1
-4.1604557,4.7349114,-4.0688505,0.7957105,4.5543594,4.9399,0.0,1.0,1.0,0.0,1.0,0.0,1.0,0.0,0.0,1.0,0.0,1.0,0.0,1.0,1
4.8544526,4.79225,4.4880147,-1.8275064,4.6495857,4.839296,0.0,1.0,0.0,1.0,0.0,1.0,0.0,1.0,0.0,1.0,1.0,0.0,0.0,1.0,1
4.132478,4.7630486,4.35129,-1.7896518,4.6373205,4.487124,0.0,1.0,0.0,1.0,1.0,0.0,0.0,1.0,1.0,0.0,1.0,0.0,0.0,1.0,1
4.789433,-4.5278077,5.1726623,-0.58793217,-4.226402,4.9973497,0.0,1.0,1.0,0.0,0.0,1.0,0.0,1.0,1.0,0.0,1.0,0.0,0.0,1.0,1
-4.2349205,4.755196,5.4591866,-0.79243433,4.6400437,5.0414863,1.0,0.0,1.0,0.0,0.0,1.0,1.0,0.0,0.0,1.0,0.0,1.0,0.0,1.0,1
4.5612655,4.6729636,4.8889585,-1.8580302,4.730504,5.1131926,1.0,0.0,0.0,1.0,0.0,1.0,0.0,1.0,0.0,1.0,0.0,1.0,0.0,1.0,1
-4.22813,4.7389884,5.245281,-0.73821115,4.6436954,5.1256537,0.0,1.0,1.0,0.0,0.0,1.0,1.0,0.0,0.0,1.0,0.0,1.0,0.0,1.0,1
-3.8378148,4.454339,5.000303,-0.6218566,4.4312763,4.7987995,0.0,1.0,0.0,1.0,1.0,0.0,0.0,1.0,0.0,1.0,1.0,0.0,1.0,0.0,1
4.508038,4.773488,4.6647053,-1.8023578,4.7074256,4.8480763,1.0,0.0,0.0,1.0,0.0,1.0,0.0,1.0,1.0,0.0,0.0,1.0,0.0,1.0,1
5.0285935,4.695955,5.4316287,-2.0682704,4.654187,5.1189203,1.0,0.0,0.0,1.0,1.0,0.0,0.0,1.0,0.0,1.0,1.0,0.0,0.0,1.0,1
4.117172,4.736469,4.3176494,-1.7538208,4.646257,4.6933765,0.0,1.0,0.0,1.0,0.0,1.0,0.0,1.0,0.0,1.0,1.0,0.0,0.0,1.0,1
4.345072,4.666603,4.551983,-1.7764521,4.677687,4.804208,0.0,1.0,0.0,1.0,0.0,1.0,0.0,1.0,0.0,1.0,0.0,1.0,0.0,1.0,1
4.280101,4.7269974,4.309909,-1.7214171,4.6873713,4.7387977,0.0,1.0,0.0,1.0,0.0,1.0,0.0,1.0,0.0,1.0,0.0,1.0,0.0,1.0,1
4.6702976,4.731859,4.3102374,-1.7803625,4.6572485,4.804589,1.0,0.0,0.0,1.0,1.0,0.0,0.0,1.0,0.0,1.0,1.0,0.0,0.0,1.0,1
-4.124219,-4.504201,5.194215,-0.3232464,4.6894207,5.055159,0.0,1.0,1.0,0.0,0.0,1.0,1.0,0.0,0.0,1.0,0.0,1.0,0.0,1.0,1
4.4301214,-4.316543,5.138554,-1.5762982,4.6707582,4.9505463,0.0,1.0,0.0,1.0,0.0,1.0,0.0,1.0,0.0,1.0,0.0,1.0,0.0,1.0,1
4.7602735,4.8525696,5.2654686,-2.0972323,4.640729,4.877921,0.0,1.0,1.0,0.0,0.0,1.0,0.0,1.0,0.0,1.0,1.0,0.0,0.0,1.0,1
4.836589,-4.5572715,4.4613214,-1.471543,4.6611257,4.857755,0.0,1.0,0.0,1.0,1.0,0.0,0.0,1.0,0.0,1.0,1.0,0.0,0.0,1.0,1
5.1115804,4.665054,4.8082247,-1.9853581,4.6966643,5.1635265,0.0,1.0,1.0,0.0,0.0,1.0,1.0,0.0,0.0,1.0,0.0,1.0,0.0,1.0,1
-3.9274082,4.805988,5.2517223,-0.8500001,4.6489015,5.1418343,1.0,0.0,1.0,0.0,0.0,1.0,1.0,0.0,0.0,1.0,0.0,1.0,0.0,1.0,1
5.0466523,-4.4826736,5.3276415,-1.7220457,4.6515126,5.0486093,1.0,0.0,1.0,0.0,0.0,1.0,1.0,0.0,1.0,0.0,0.0,1.0,0.0,1.0,1
-3.938632,4.7690387,5.260595,-0.82205105,4.6368175,5.200221,0.0,1.0,1.0,0.0,0.0,1.0,1.0,0.0,0.0,1.0,0.0,1.0,0.0,1.0,1
4.1409674,4.6614,4.4676523,-1.7468154,4.6655626,4.759057,0.0,1.0,0.0,1.0,0.0,1.0,0.0,1.0,0.0,1.0,0.0,1.0,0.0,1.0,1
4.153391,4.742266,4.324232,-1.757585,4.6474257,4.701864,0.0,1.0,0.0,1.0,0.0,1.0,0.0,1.0,0.0,1.0,1.0,0.0,0.0,1.0,1
4.6888328,4.659867,5.256983,-2.0034902,4.6585317,5.009994,0.0,1.0,0.0,1.0,1.0,0.0,0.0,1.0,1.0,0.0,0.0,1.0,1.0,0.0,1
3.8833528,-4.426492,4.6144238,-1.3817004,4.672934,4.6954923,0.0,1.0,0.0,1.0,0.0,1.0,0.0,1.0,1.0,0.0,0.0,1.0,0.0,1.0,1
4.3649616,-4.5442343,4.7822523,-0.46638605,-4.2260327,4.8144674,0.0,1.0,0.0,1.0,1.0,0.0,0.0,1.0,0.0,1.0,1.0,0.0,0.0,1.0,1
4.8114777,-4.4997125,5.405084,-0.50566566,4.6483755,-4.1492987,0.0,1.0,1.0,0.0,1.0,0.0,1.0,0.0,0.0,1.0,0.0,1.0,0.0,1.0,1
4.87405,4.6808043,5.1327367,-2.0698397,4.636335,5.0189037,0.0,1.0,1.0,0.0,1.0,0.0,1.0,0.0,0.0,1.0,0.0,1.0,0.0,1.0,1
4.764269,4.8355036,4.8489437,-1.869184,4.672478,4.9578032,0.0,1.0,0.0,1.0,0.0,1.0,0.0,1.0,0.0,1.0,0.0,1.0,0.0,1.0,1
4.3735886,-4.316191,4.6918817,-1.4588546,4.4032073,4.9173326,0.0,1.0,0.0,1.0,0.0,1.0,0.0,1.0,0.0,1.0,1.0,0.0,0.0,1.0,1
4.344212,4.6343603,4.411466,-1.8430554,5.049569,4.8345237,0.0,1.0,0.0,1.0,0.0,1.0,0.0,1.0,0.0,1.0,1.0,0.0,0.0,1.0,1
-4.1759233,4.6827307,5.192574,-0.75996345,4.644312,4.991916,1.0,0.0,1.0,0.0,0.0,1.0,1.0,0.0,0.0,1.0,0.0,1.0,0.0,1.0,1
4.7299137,4.4337626,4.5426,-1.7793106,4.3677,4.602676,0.0,1.0,0.0,1.0,0.0,1.0,0.0,1.0,1.0,0.0,1.0,0.0,0.0,1.0,1
-4.1138344,-4.560731,5.195409,-0.35945317,4.6694856,5.257439,1.0,0.0,1.0,0.0,0.0,1.0,1.0,0.0,0.0,1.0,0.0,1.0,0.0,1.0,1
4.477224,4.4426203,5.045032,-2.0160599,4.374815,4.714781,0.0,1.0,1.0,0.0,1.0,0.0,0.0,1.0,0.0,1.0,1.0,0.0,0.0,1.0,1
3.7852974,4.348556,4.1543283,-1.5682424,4.3869905,4.1510053,0.0,1.0,0.0,1.0,0.0,1.0,0.0,1.0,0.0,1.0,0.0,1.0,0.0,1.0,1
-4.0572095,4.6576395,5.2350383,-0.7298642,4.649473,5.053865,0.0,1.0,1.0,0.0,0.0,1.0,1.0,0.0,1.0,0.0,0.0,1.0,0.0,1.0,1
5.2009935,4.6489434,5.1789517,-2.0265121,4.6741767,5.0480814,1.0,0.0,1.0,0.0,0.0,1.0,1.0,0.0,0.0,1.0,0.0,1.0,0.0,1.0,1
4.396539,4.761297,4.361444,-1.7780745,4.648555,4.7426004,0.0,1.0,0.0,1.0,0.0,1.0,0.0,1.0,0.0,1.0,1.0,0.0,0.0,1.0,1
4.1865907,4.820144,4.5692425,-1.7792457,4.662501,4.762685,0.0,1.0,0.0,1.0,0.0,1.0,0.0,1.0,0.0,1.0,0.0,1.0,1.0,0.0,1
4.989628,4.7300553,5.146627,-2.0691795,4.9976525,4.99673,0.0,1.0,0.0,1.0,1.0,0.0,0.0,1.0,0.0,1.0,1.0,0.0,0.0,1.0,1
5.1021338,4.4133487,4.9115644,-1.8339479,4.4172482,4.8033633,0.0,1.0,0.0,1.0,0.0,1.0,0.0,1.0,0.0,1.0,0.0,1.0,0.0,1.0,1
4.106736,4.4703937,3.9225705,-1.5932926,4.348859,4.2626357,0.0,1.0,0.0,1.0,0.0,1.0,0.0,1.0,1.0,0.0,1.0,0.0,0.0,1.0,1
4.4317594,4.450629,4.760443,-1.8627008,4.370058,4.5745454,0.0,1.0,1.0,0.0,0.0,1.0,1.0,0.0,0.0,1.0,0.0,1.0,0.0,1.0,1
4.7485485,4.672251,4.2081547,-1.7239532,4.63297,4.5018425,0.0,1.0,0.0,1.0,0.0,1.0,0.0,1.0,0.0,1.0,1.0,0.0,0.0,1.0,1
-3.809382,4.725344,5.0580673,-0.85240966,5.1327662,5.042197,0.0,1.0,1.0,0.0,0.0,1.0,1.0,0.0,0.0,1.0,0.0,1.0,0.0,1.0,1
4.688149,4.451673,4.2647347,-1.7081274,4.3786993,4.6027555,0.0,1.0,0.0,1.0,0.0,1.0,0.0,1.0,0.0,1.0,1.0,0.0,0.0,1.0,1
5.0694113,4.704552,4.7952375,-1.924734,4.667807,4.9754567,1.0,0.0,0.0,1.0,1.0,0.0,0.0,1.0,0.0,1.0,1.0,0.0,1.0,0.0,1
4.7604613,-4.4933615,4.4449534,-1.4665029,4.661151,4.8399863,0.0,1.0,0.0,1.0,1.0,0.0,0.0,1.0,0.0,1.0,1.0,0.0,0.0,1.0,1
4.4216857,4.446826,4.7998886,-1.8823591,4.395537,4.6788,0.0,1.0,0.0,1.0,1.0,0.0,0.0,1.0,1.0,0.0,1.0,0.0,1.0,0.0,1
4.110287,4.7874055,4.4234123,-1.7303935,4.654069,4.655633,0.0,1.0,0.0,1.0,0.0,1.0,0.0,1.0,0.0,1.0,0.0,1.0,0.0,1.0,1
5.105591,4.765546,4.93674,-1.9053466,4.6946483,5.0609403,0.0,1.0,0.0,1.0,0.0,1.0,0.0,1.0,0.0,1.0,0.0,1.0,0.0,1.0,1
5.0274673,4.723308,5.1754365,-2.0624518,4.654422,5.0922995,0.0,1.0,1.0,0.0,0.0,1.0,1.0,0.0,0.0,1.0,0.0,1.0,0.0,1.0,1
4.348841,4.7312164,5.0411444,-1.8877856,4.643273,4.9058113,0.0,1.0,0.0,1.0,0.0,1.0,0.0,1.0,0.0,1.0,0.0,1.0,0.0,1.0,1
5.384006,4.931482,5.1209717,-1.9613221,5.1030393,4.626108,1.0,0.0,0.0,1.0,0.0,1.0,0.0,1.0,1.0,0.0,0.0,1.0,0.0,1.0,1
4.257103,4.456724,4.4832773,-1.7276045,4.3901954,4.9106197,0.0,1.0,0.0,1.0,0.0,1.0,0.0,1.0,0.0,1.0,0.0,1.0,0.0,1.0,1
4.3404093,-3.9326506,4.832088,-1.4253548,4.1178946,4.576858,0.0,1.0,0.0,1.0,0.0,1.0,0.0,1.0,1.0,0.0,0.0,1.0,0.0,1.0,1
5.0137954,4.3506017,3.5215237,-1.5091399,4.4534187,4.202064,0.0,1.0,0.0,1.0,0.0,1.0,0.0,1.0,0.0,1.0,1.0,0.0,0.0,1.0,1
4.10526,-4.2129583,4.063021,-1.2747068,4.4023232,4.487443,0.0,1.0,0.0,1.0,0.0,1.0,0.0,1.0,0.0,1.0,1.0,0.0,0.0,1.0,1
4.7311573,-4.306966,5.0718274,-1.5406251,4.388441,4.734382,1.0,0.0,0.0,1.0,1.0,0.0,0.0,1.0,1.0,0.0,1.0,0.0,0.0,1.0,1
4.3144984,4.6568265,4.4561033,-1.8403469,4.6838837,4.7056813,0.0,1.0,0.0,1.0,1.0,0.0,0.0,1.0,1.0,0.0,1.0,0.0,1.0,0.0,1
-4.0710416,4.7388687,5.5283475,-0.8434135,4.632718,5.0330267,1.0,0.0,1.0,0.0,0.0,1.0,1.0,0.0,0.0,1.0,0.0,1.0,0.0,1.0,1
4.834804,4.7292657,4.569274,-1.8579686,4.7023125,4.8971114,0.0,1.0,0.0,1.0,0.0,1.0,0.0,1.0,0.0,1.0,1.0,0.0,1.0,0.0,1
4.838844,4.7431307,5.296599,-1.9795698,4.668904,5.0469613,1.0,0.0,0.0,1.0,1.0,0.0,0.0,1.0,0.0,1.0,0.0,1.0,0.0,1.0,1
4.7604923,4.4059167,5.225182,-1.8662226,4.4218006,4.7790756,1.0,0.0,0.0,1.0,0.0,1.0,0.0,1.0,0.0,1.0,0.0,1.0,0.0,1.0,1
3.7000284,4.3439965,3.8240018,-1.4765991,4.3719196,3.9846554,0.0,1.0,0.0,1.0,0.0,1.0,0.0,1.0,0.0,1.0,0.0,1.0,0.0,1.0,1
5.0663223,4.373663,4.529763,-1.7649332,4.397828,4.501428,1.0,0.0,0.0,1.0,1.0,0.0,0.0,1.0,0.0,1.0,1.0,0.0,0.0,1.0,1
4.4818006,4.68178,4.816323,-1.9010267,5.0961065,4.894624,0.0,1.0,0.0,1.0,0.0,1.0,0.0,1.0,0.0,1.0,0.0,1.0,0.0,1.0,1
4.527994,4.4505043,4.838705,-1.8784653,4.405934,4.7870593,1.0,0.0,1.0,0.0,0.0,1.0,1.0,0.0,0.0,1.0,0.0,1.0,0.0,1.0,1
4.3687916,-4.0577145,5.0162272,-1.526026,4.3952203,4.843837,0.0,1.0,0.0,1.0,0.0,1.0,0.0,1.0,0.0,1.0,0.0,1.0,0.0,1.0,1
4.4947343,4.438524,5.2130737,-2.0008638,4.383415,4.768349,1.0,0.0,1.0,0.0,1.0,0.0,1.0,0.0,0.0,1.0,0.0,1.0,0.0,1.0,1
4.0514693,4.5166206,3.8840616,-1.5726072,4.3691,4.193453,0.0,1.0,0.0,1.0,0.0,1.0,0.0,1.0,0.0,1.0,1.0,0.0,0.0,1.0,1
3.6125996,4.543124,4.148099,-1.6097792,4.3766212,4.4296412,0.0,1.0,0.0,1.0,0.0,1.0,0.0,1.0,1.0,0.0,0.0,1.0,0.0,1.0,1
4.087791,4.6650977,4.311267,-1.6797092,4.3945413,4.5498104,0.0,1.0,0.0,1.0,0.0,1.0,0.0,1.0,1.0,0.0,0.0,1.0,0.0,1.0,1
3.690453,4.4465046,3.9987116,-1.5171535,4.3778887,3.9626644,0.0,1.0,0.0,1.0,0.0,1.0,0.0,1.0,0.0,1.0,0.0,1.0,0.0,1.0,1
4.710504,4.454905,4.990952,-1.9635413,4.383323,4.753577,1.0,0.0,1.0,0.0,1.0,0.0,1.0,0.0,1.0,0.0,0.0,1.0,0.0,1.0,1
4.727092,-4.28697,4.434021,-1.4282666,4.3924136,4.679354,0.0,1.0,0.0,1.0,1.0,0.0,0.0,1.0,0.0,1.0,1.0,0.0,0.0,1.0,1
4.312321,5.023684,4.7232733,-1.8482014,4.6417475,4.916938,0.0,1.0,0.0,1.0,0.0,1.0,0.0,1.0,1.0,0.0,0.0,1.0,0.0,1.0,1
4.780152,-4.15451,4.5086775,-0.44965553,-4.4210815,4.8601565,0.0,1.0,1.0,0.0,1.0,0.0,1.0,0.0,0.0,1.0,0.0,1.0,1.0,0.0,1
-3.9334896,-4.3154607,5.0145535,-0.3405102,4.394282,4.8043675,1.0,0.0,1.0,0.0,1.0,0.0,1.0,0.0,0.0,1.0,0.0,1.0,0.0,1.0,1
4.5770025,4.5446377,4.8129272,-1.9446235,4.373254,4.7508173,0.0,1.0,1.0,0.0,1.0,0.0,1.0,0.0,1.0,0.0,0.0,1.0,0.0,1.0,1
4.7080693,-4.2589903,4.9058123,-1.5020849,4.3991,4.7470427,1.0,0.0,0.0,1.0,1.0,0.0,0.0,1.0,0.0,1.0,1.0,0.0,0.0,1.0,1
4.8600054,4.423435,5.078752,-1.9240373,4.3922844,4.8552575,1.0,0.0,0.0,1.0,1.0,0.0,0.0,1.0,0.0,1.0,1.0,0.0,0.0,1.0,1
4.9013715,4.413669,5.414202,-2.0127819,4.386846,4.366217,1.0,0.0,1.0,0.0,1.0,0.0,1.0,0.0,0.0,1.0,0.0,1.0,0.0,1.0,1
4.6868205,4.707579,4.40822,-1.8215212,4.6357527,4.586971,0.0,1.0,0.0,1.0,1.0,0.0,0.0,1.0,1.0,0.0,1.0,0.0,0.0,1.0,1
4.439247,4.441277,4.918288,-1.9527227,4.3729835,4.755383,0.0,1.0,1.0,0.0,1.0,0.0,1.0,0.0,0.0,1.0,0.0,1.0,0.0,1.0,1
4.9201827,4.9602656,5.462006,-0.93441445,-4.579294,5.01991,1.0,0.0,1.0,0.0,0.0,1.0,1.0,0.0,1.0,0.0,0.0,1.0,0.0,1.0,1
4.7511787,4.4163384,4.993026,-1.9519837,4.387158,4.8172636,0.0,1.0,1.0,0.0,0.0,1.0,1.0,0.0,0.0,1.0,0.0,1.0,0.0,1.0,1
-4.146746,4.6941886,5.448351,-0.7945097,4.6432953,4.8933315,1.0,0.0,1.0,0.0,0.0,1.0,1.0,0.0,0.0,1.0,0.0,1.0,0.0,1.0,1
4.2959204,4.478576,3.9610338,-1.7158403,4.479502,4.8539224,0.0,1.0,1.0,0.0,0.0,1.0,0.0,1.0,0.0,1.0,0.0,1.0,1.0,0.0,1
4.6299787,4.6548305,4.7963047,-1.8457409,4.6807957,4.9363914,0.0,1.0,0.0,1.0,0.0,1.0,0.0,1.0,0.0,1.0,0.0,1.0,0.0,1.0,1
3.8206692,4.0850954,4.013618,-1.4958318,4.184309,4.336866,1.0,0.0,0.0,1.0,0.0,1.0,0.0,1.0,0.0,1.0,0.0,1.0,0.0,1.0,1
-4.082645,-4.054576,5.26596,-0.31093305,4.8446517,4.8103657,0.0,1.0,0.0,1.0,1.0,0.0,0.0,1.0,0.0,1.0,1.0,0.0,0.0,1.0,1
3.9844418,4.4561763,4.3014717,-1.6983838,4.418594,4.662818,0.0,1.0,0.0,1.0,1.0,0.0,0.0,1.0,0.0,1.0,0.0,1.0,1.0,0.0,1
4.986209,-4.4404287,4.9330273,-1.6052328,4.9631987,5.011551,1.0,0.0,0.0,1.0,1.0,0.0,0.0,1.0,0.0,1.0,1.0,0.0,0.0,1.0,1
4.6466026,4.362358,4.0620246,-1.6522884,4.382851,4.5202374,1.0,0.0,0.0,1.0,1.0,0.0,0.0,1.0,0.0,1.0,1.0,0.0,0.0,1.0,1
3.7229958,4.445089,3.6986592,-1.5317845,4.382115,4.3060317,0.0,1.0,0.0,1.0,0.0,1.0,0.0,1.0,0.0,1.0,1.0,0.0,0.0,1.0,1
4.4126234,4.352107,4.589692,-1.7544322,4.4110146,4.934897,0.0,1.0,0.0,1.0,0.0,1.0,0.0,1.0,0.0,1.0,0.0,1.0,0.0,1.0,1
3.9162538,4.6660013,3.875869,-1.5979842,4.6180797,4.2171135,0.0,1.0,0.0,1.0,0.0,1.0,0.0,1.0,0.0,1.0,1.0,0.0,0.0,1.0,1
4.189223,3.9092188,4.326272,-1.6473813,3.8474264,4.2493305,1.0,0.0,1.0,0.0,0.0,1.0,1.0,0.0,1.0,0.0,0.0,1.0,0.0,1.0,1
4.9212074,4.7258387,5.1037965,-2.0342305,4.6448793,5.0270658,0.0,1.0,1.0,0.0,0.0,1.0,1.0,0.0,0.0,1.0,0.0,1.0,0.0,1.0,1
4.6247597,4.7068458,4.401734,-1.7987334,4.628249,4.764433,0.0,1.0,0.0,1.0,0.0,1.0,0.0,1.0,1.0,0.0,1.0,0.0,0.0,1.0,1
5.217582,-4.556597,5.1702623,-1.6998463,4.6595025,5.0509095,0.0,1.0,1.0,0.0,0.0,1.0,1.0,0.0,1.0,0.0,0.0,1.0,0.0,1.0,1
-3.7080057,4.443729,4.5084867,-0.73296976,4.4624324,4.824631,1.0,0.0,1.0,0.0,1.0,0.0,1.0,0.0,0.0,1.0,0.0,1.0,0.0,1.0,1
4.346165,-3.642718,4.926703,-0.5393594,-4.079258,4.73699,0.0,1.0,0.0,1.0,1.0,0.0,0.0,1.0,1.0,0.0,0.0,1.0,0.0,1.0,1
5.0505548,4.8085856,5.010676,-1.9545672,4.6378546,4.948563,0.0,1.0,0.0,1.0,0.0,1.0,0.0,1.0,0.0,1.0,1.0,0.0,0.0,1.0,1
4.8986607,4.715573,5.4675074,-2.1302114,4.644112,5.138127,0.0,1.0,1.0,0.0,0.0,1.0,1.0,0.0,0.0,1.0,0.0,1.0,1.0,0.0,1
3.8704453,4.50272,3.8880928,-1.5491776,4.406602,4.4106317,0.0,1.0,0.0,1.0,0.0,1.0,0.0,1.0,0.0,1.0,0.0,1.0,0.0,1.0,1
4.851899,-4.476821,5.1986256,-1.7061884,4.6493216,5.0374165,0.0,1.0,1.0,0.0,0.0,1.0,1.0,0.0,0.0,1.0,0.0,1.0,0.0,1.0,1
5.3268433,4.73125,3.9910543,-1.6939441,4.7851686,4.9059005,0.0,1.0,0.0,1.0,0.0,1.0,0.0,1.0,0.0,1.0,0.0,1.0,0.0,1.0,1
5.603161,4.627265,5.196234,-2.052324,5.149318,5.03599,0.0,1.0,0.0,1.0,0.0,1.0,0.0,1.0,1.0,0.0,0.0,1.0,0.0,1.0,1
4.873875,4.4467716,4.8135858,-1.9275296,4.3779073,4.5515265,0.0,1.0,1.0,0.0,1.0,0.0,1.0,0.0,1.0,0.0,0.0,1.0,0.0,1.0,1
5.1242237,4.685486,3.7236302,-1.6444193,4.74914,4.603644,1.0,0.0,0.0,1.0,1.0,0.0,0.0,1.0,0.0,1.0,1.0,0.0,0.0,1.0,1
3.765057,4.5121636,3.919379,-1.5905536,4.3782125,4.379671,0.0,1.0,0.0,1.0,0.0,1.0,0.0,1.0,0.0,1.0,1.0,0.0,0.0,1.0,1
4.942549,4.347672,3.7443666,-1.5477008,4.407443,4.04675,0.0,1.0,0.0,1.0,0.0,1.0,0.0,1.0,1.0,0.0,1.0,0.0,0.0,1.0,1
1.8171464,1.2331911,1.5984931,-0.34842595,1.105746,1.6141434,1.0,0.0,1.0,0.0,0.0,1.0,1.0,0.0,0.0,1.0,0.0,1.0,0.0,1.0,1
2.9151862,2.2552006,2.413371,-0.7441827,2.071374,2.2393944,0.0,1.0,0.0,1.0,1.0,0.0,0.0,1.0,0.0,1.0,1.0,0.0,1.0,0.0,1
3.07623,2.4734838,2.394531,-0.8130732,2.3607872,2.7020218,0.0,1.0,0.0,1.0,1.0,0.0,0.0,1.0,0.0,1.0,1.0,0.0,0.0,1.0,1
2.390423,-2.0794613,2.3110363,-0.5510669,2.3941712,2.6727822,0.0,1.0,0.0,1.0,0.0,1.0,0.0,1.0,1.0,0.0,0.0,1.0,0.0,1.0,1
2.9693205,2.750649,2.2500997,-0.7932054,2.6327398,2.769852,0.0,1.0,0.0,1.0,0.0,1.0,0.0,1.0,1.0,0.0,1.0,0.0,0.0,1.0,1
1.5780088,2.1634018,2.0004637,-0.5671876,2.0168762,2.2964854,0.0,1.0,0.0,1.0,1.0,0.0,0.0,1.0,0.0,1.0,0.0,1.0,0.0,1.0,1
0.6547861,0.865971,0.7876276,0.015429463,0.7080525,0.8405956,0.0,1.0,0.0,1.0,0.0,1.0,0.0,1.0,1.0,0.0,1.0,0.0,0.0,1.0,1
1.5141213,1.4810648,2.2456343,-0.5095456,1.409133,1.9867328,0.0,1.0,0.0,1.0,1.0,0.0,0.0,1.0,0.0,1.0,0.0,1.0,0.0,1.0,1
1.7202334,1.2996536,1.5271344,-0.31547177,1.0870122,1.506892,1.0,0.0,1.0,0.0,0.0,1.0,1.0,0.0,0.0,1.0,0.0,1.0,0.0,1.0,1
1.1185006,0.8763999,0.8153299,-0.0015730594,0.7226306,0.9690702,1.0,0.0,0.0,1.0,1.0,0.0,0.0,1.0,0.0,1.0,1.0,0.0,0.0,1.0,1
0.4332556,0.85712713,0.7846082,0.036086764,0.7000981,0.89150006,0.0,1.0,0.0,1.0,0.0,1.0,0.0,1.0,0.0,1.0,0.0,1.0,0.0,1.0,1
1.4704638,1.2345446,1.3944277,-0.28994477,1.0605556,1.2807548,1.0,0.0,1.0,0.0,0.0,1.0,0.0,1.0,0.0,1.0,1.0,0.0,0.0,1.0,1
1.2541797,-1.0071428,1.8295836,-0.30430704,1.1189094,1.641233,1.0,0.0,1.0,0.0,0.0,1.0,1.0,0.0,0.0,1.0,0.0,1.0,0.0,1.0,1
0.9796585,1.5044286,1.1877385,-0.1414671,1.4104521,1.232297,1.0,0.0,0.0,1.0,0.0,1.0,0.0,1.0,0.0,1.0,0.0,1.0,0.0,1.0,1
0.68896604,0.5858142,0.88783896,0.005917992,0.82160664,0.7896195,0.0,1.0,0.0,1.0,0.0,1.0,0.0,1.0,0.0,1.0,0.0,1.0,0.0,1.0,1
2.3264847,1.9059335,2.2816,-0.7198911,1.7705919,2.1332839,0.0,1.0,1.0,0.0,1.0,0.0,1.0,0.0,0.0,1.0,0.0,1.0,0.0,1.0,1
2.0362265,-1.3480983,1.9957199,-0.47483298,1.4646,1.9210248,0.0,1.0,1.0,0.0,1.0,0.0,1.0,0.0,0.0,1.0,0.0,1.0,0.0,1.0,1
0.97256595,1.2489882,0.83054733,-0.07777613,1.0498376,1.0089457,0.0,1.0,0.0,1.0,0.0,1.0,0.0,1.0,0.0,1.0,1.0,0.0,0.0,1.0,1
1.5439979,1.2169653,1.5804064,-0.40019926,1.0915232,1.5145155,0.0,1.0,1.0,0.0,1.0,0.0,1.0,0.0,0.0,1.0,0.0,1.0,0.0,1.0,1
2.3800523,1.8525473,1.1544183,-0.30220777,1.7752273,1.7662799,1.0,0.0,0.0,1.0,0.0,1.0,0.0,1.0,1.0,0.0,1.0,0.0,0.0,1.0,1
0.6819927,1.109308,1.0325168,-0.06855458,1.0425285,1.2419297,1.0,0.0,0.0,1.0,1.0,0.0,0.0,1.0,0.0,1.0,0.0,1.0,0.0,1.0,1
1.3764539,0.94177824,0.9549899,-0.0050278115,0.73502654,0.85009277,0.0,1.0,0.0,1.0,0.0,1.0,0.0,1.0,0.0,1.0,0.0,1.0,0.0,1.0,1
1.1836964,0.96584207,1.175237,-0.17251329,0.73193645,1.1813307,1.0,0.0,1.0,0.0,0.0,1.0,1.0,0.0,1.0,0.0,0.0,1.0,1.0,0.0,1
0.35942093,0.8882639,0.7490002,0.051972836,0.71678156,0.80144155,0.0,1.0,0.0,1.0,0.0,1.0,0.0,1.0,0.0,1.0,1.0,0.0,0.0,1.0,1
1.308139,1.5692775,1.0007172,-0.18967198,1.3925499,1.2793325,0.0,1.0,0.0,1.0,0.0,1.0,0.0,1.0,0.0,1.0,1.0,0.0,0.0,1.0,1
0.78212345,0.5997786,0.8347023,0.004647342,0.41952977,0.78560454,0.0,1.0,0.0,1.0,1.0,0.0,0.0,1.0,0.0,1.0,1.0,0.0,0.0,1.0,1
1.2650597,0.9061621,0.48445147,0.08253024,0.772448,0.96880376,0.0,1.0,0.0,1.0,0.0,1.0,0.0,1.0,0.0,1.0,0.0,1.0,0.0,1.0,1
0.9313539,0.8950306,1.1551586,-0.12594165,0.73340803,1.0067903,0.0,1.0,0.0,1.0,1.0,0.0,0.0,1.0,0.0,1.0,1.0,0.0,0.0,1.0,1
-0.77762246,1.2029897,1.6653056,-0.19405118,1.1507322,1.7518108,0.0,1.0,1.0,0.0,0.0,1.0,1.0,0.0,0.0,1.0,0.0,1.0,0.0,1.0,1
0.3499299,0.9683046,0.63942295,0.082364686,0.7176503,0.45610756,0.0,1.0,0.0,1.0,0.0,1.0,0.0,1.0,0.0,1.0,0.0,1.0,0.0,1.0,1
1.9786611,-1.6074195,1.9299693,0.045098867,1.793255,-1.5561252,0.0,1.0,1.0,0.0,0.0,1.0,1.0,0.0,0.0,1.0,0.0,1.0,0.0,1.0,1
0.6867568,1.2827219,0.9928453,-0.0694582,1.0773714,1.0871321,1.0,0.0,0.0,1.0,1.0,0.0,0.0,1.0,0.0,1.0,0.0,1.0,1.0,0.0,1
-0.50659496,1.1474504,1.6638526,-0.24297488,1.1447495,1.5521976,0.0,1.0,1.0,0.0,1.0,0.0,1.0,0.0,0.0,1.0,0.0,1.0,0.0,1.0,1
1.1831465,1.2503664,1.421101,-0.27443624,1.0609949,1.3909447,0.0,1.0,0.0,1.0,1.0,0.0,0.0,1.0,0.0,1.0,1.0,0.0,0.0,1.0,1
-1.3897542,-1.3968371,1.9091979,0.033522423,1.4573413,1.8624961,0.0,1.0,1.0,0.0,0.0,1.0,0.0,1.0,0.0,1.0,1.0,0.0,0.0,1.0,1
-0.8527053,1.5081393,2.0088034,-0.3032095,1.481658,1.8899682,0.0,1.0,1.0,0.0,1.0,0.0,1.0,0.0,0.0,1.0,0.0,1.0,0.0,1.0,1
0.24308541,0.61642885,0.43943062,0.15356012,0.42093286,0.4445166,0.0,1.0,0.0,1.0,0.0,1.0,0.0,1.0,0.0,1.0,0.0,1.0,0.0,1.0,1
0.89554775,-0.7400327,1.3704555,-0.008070562,0.7319128,1.0554515,1.0,0.0,0.0,1.0,1.0,0.0,0.0,1.0,0.0,1.0,0.0,1.0,0.0,1.0,1
0.43855605,0.5338696,0.645422,0.081580095,0.42717785,0.65336776,0.0,1.0,0.0,1.0,1.0,0.0,0.0,1.0,0.0,1.0,1.0,0.0,0.0,1.0,1
1.5208441,1.4297271,1.5107918,-0.35261112,1.0718595,1.4958762,0.0,1.0,1.0,0.0,0.0,1.0,1.0,0.0,1.0,0.0,0.0,1.0,0.0,1.0,1
1.6505334,-1.4214953,1.2804735,-0.16973567,1.3901204,1.6599011,0.0,1.0,0.0,1.0,1.0,0.0,0.0,1.0,0.0,1.0,1.0,0.0,0.0,1.0,1
0.71257454,1.2616621,0.9054716,-0.08402263,1.0512367,1.0943682,0.0,1.0,0.0,1.0,0.0,1.0,0.0,1.0,0.0,1.0,1.0,0.0,0.0,1.0,1
1.2754531,1.7750709,1.5882155,-0.3659709,1.6930549,1.5413342,0.0,1.0,0.0,1.0,1.0,0.0,0.0,1.0,0.0,1.0,1.0,0.0,1.0,0.0,1
1.1627109,0.8553235,1.362287,0.13743065,-0.91084516,-0.49198434,1.0,0.0,1.0,0.0,0.0,1.0,1.0,0.0,0.0,1.0,0.0,1.0,0.0,1.0,1
1.4014906,1.5634167,1.3986946,-0.32316265,1.3924493,1.6671865,0.0,1.0,0.0,1.0,0.0,1.0,0.0,1.0,1.0,0.0,1.0,0.0,0.0,1.0,1
1.0622281,0.5992272,1.1665479,0.02713948,0.47459456,-0.22004287,0.0,1.0,0.0,1.0,1.0,0.0,0.0,1.0,0.0,1.0,1.0,0.0,0.0,1.0,1
1.612254,-2.0235941,1.8198156,-0.33306524,2.0646875,2.2007976,0.0,1.0,0.0,1.0,0.0,1.0,0.0,1.0,0.0,1.0,0.0,1.0,0.0,1.0,1
1.9337966,1.5450054,1.7309611,-0.35854313,1.4193646,1.8448672,0.0,1.0,0.0,1.0,0.0,1.0,0.0,1.0,0.0,1.0,0.0,1.0,0.0,1.0,1
0.387083,0.7332011,0.95139676,0.020320147,0.41219246,0.7001727,0.0,1.0,0.0,1.0,1.0,0.0,0.0,1.0,0.0,1.0,1.0,0.0,0.0,1.0,1
1.3292385,0.88699865,0.54088664,0.011065858,0.71905404,1.1251088,0.0,1.0,1.0,0.0,0.0,1.0,1.0,0.0,0.0,1.0,0.0,1.0,1.0,0.0,1
0.67243356,0.88770914,0.71771324,0.010512922,0.7199728,0.84520775,0.0,1.0,0.0,1.0,1.0,0.0,0.0,1.0,0.0,1.0,1.0,0.0,0.0,1.0,1
0.9443212,0.91249985,1.2948399,-0.094860755,0.71058756,1.302534,1.0,0.0,0.0,1.0,0.0,1.0,0.0,1.0,0.0,1.0,0.0,1.0,0.0,1.0,1
0.39495218,0.93279475,0.87130624,0.013770064,0.6982779,0.98502207,0.0,1.0,0.0,1.0,0.0,1.0,0.0,1.0,0.0,1.0,0.0,1.0,0.0,1.0,1
1.1487774,1.6175588,1.4354134,-0.30568597,1.3877019,1.580396,0.0,1.0,0.0,1.0,0.0,1.0,0.0,1.0,1.0,0.0,1.0,0.0,0.0,1.0,1
2.1306481,1.5166574,1.7930733,-0.45321733,1.4100173,1.5995655,0.0,1.0,1.0,0.0,0.0,1.0,1.0,0.0,0.0,1.0,0.0,1.0,0.0,1.0,1
1.7469184,1.4561889,1.8588713,-0.40255576,1.3984337,1.9822457,1.0,0.0,0.0,1.0,0.0,1.0,0.0,1.0,0.0,1.0,1.0,0.0,0.0,1.0,1
0.31329525,-0.36849147,0.73553145,0.1265365,0.46047068,0.71858263,0.0,1.0,0.0,1.0,0.0,1.0,0.0,1.0,0.0,1.0,0.0,1.0,0.0,1.0,1
2.033076,-1.7243677,2.1595888,-0.44842446,1.7708399,2.5929472,0.0,1.0,0.0,1.0,0.0,1.0,0.0,1.0,0.0,1.0,0.0,1.0,0.0,1.0,1
0.36942825,0.9059993,0.8239238,0.06372547,0.7094289,0.6177485,0.0,1.0,0.0,1.0,0.0,1.0,0.0,1.0,1.0,0.0,1.0,0.0,0.0,1.0,1
-1.6659033,1.9257661,2.2661293,-0.2267329,1.8155241,2.2494984,0.0,1.0,1.0,0.0,0.0,1.0,1.0,0.0,0.0,1.0,0.0,1.0,0.0,1.0,1
0.5137877,0.66367936,0.89530635,-0.06812608,0.40450847,0.8023953,0.0,1.0,1.0,0.0,1.0,0.0,0.0,1.0,1.0,0.0,1.0,0.0,1.0,0.0,1
1.5050921,-1.1148202,0.96340436,-0.04414931,1.0423845,1.3503875,0.0,1.0,0.0,1.0,1.0,0.0,0.0,1.0,0.0,1.0,1.0,0.0,0.0,1.0,1
0.59454066,0.905474,1.0679411,-0.06028207,0.68356854,1.0641485,0.0,1.0,0.0,1.0,0.0,1.0,0.0,1.0,0.0,1.0,0.0,1.0,0.0,1.0,1
2.1425924,1.8044021,1.9170269,-0.5265226,1.7128519,1.9451985,0.0,1.0,0.0,1.0,1.0,0.0,0.0,1.0,0.0,1.0,1.0,0.0,0.0,1.0,1
-0.98767644,-1.058065,1.835615,0.17420658,-1.2208475,1.5244406,0.0,1.0,1.0,0.0,1.0,0.0,1.0,0.0,0.0,1.0,0.0,1.0,0.0,1.0,1
1.7926315,1.4718137,1.983414,-0.51026136,1.4384423,1.9894181,1.0,0.0,1.0,0.0,0.0,1.0,1.0,0.0,0.0,1.0,0.0,1.0,0.0,1.0,1
0.5901885,0.8163347,1.1493213,-0.068251185,0.68883634,1.0048736,0.0,1.0,0.0,1.0,0.0,1.0,0.0,1.0,0.0,1.0,0.0,1.0,0.0,1.0,1
0.21410277,0.002735583,0.7658258,0.129914,0.46602005,0.49446788,0.0,1.0,0.0,1.0,1.0,0.0,0.0,1.0,1.0,0.0,1.0,0.0,0.0,1.0,1
0.86987853,0.9327279,1.104877,-0.091469385,0.7294711,0.97217834,1.0,0.0,0.0,1.0,1.0,0.0,0.0,1.0,1.0,0.0,1.0,0.0,0.0,1.0,1
0.8823726,1.5659679,1.144837,-0.1673098,1.3696351,1.1033282,0.0,1.0,0.0,1.0,0.0,1.0,0.0,1.0,0.0,1.0,0.0,1.0,0.0,1.0,1
0.5741464,1.2251625,1.0707324,-0.13123566,1.0497243,1.2730159,0.0,1.0,0.0,1.0,1.0,0.0,0.0,1.0,0.0,1.0,0.0,1.0,0.0,1.0,1
-1.2384923,2.1828573,2.7082968,-0.47281277,2.1270373,2.5218806,1.0,0.0,1.0,0.0,0.0,1.0,1.0,0.0,0.0,1.0,0.0,1.0,0.0,1.0,1
1.7231658,2.013928,1.0905546,-0.46153584,1.6904619,2.1229603,0.0,1.0,1.0,0.0,1.0,0.0,0.0,1.0,0.0,1.0,1.0,0.0,1.0,0.0,1
0.43097308,0.7695844,0.7087709,0.07974278,0.41680115,0.66947114,0.0,1.0,0.0,1.0,0.0,1.0,0.0,1.0,0.0,1.0,1.0,0.0,0.0,1.0,1
1.3894083,0.86179525,0.73762983,0.010545479,0.7155192,0.78404725,0.0,1.0,0.0,1.0,0.0,1.0,0.0,1.0,0.0,1.0,1.0,0.0,0.0,1.0,1
1.458879,1.2286234,1.5680765,-0.36152047,1.0857577,1.5064476,1.0,0.0,1.0,0.0,1.0,0.0,1.0,0.0,0.0,1.0,0.0,1.0,0.0,1.0,1
1.1183889,1.1977183,1.0188501,-0.11889886,1.0472118,1.4249481,0.0,1.0,0.0,1.0,0.0,1.0,0.0,1.0,0.0,1.0,0.0,1.0,0.0,1.0,1
1.5211279,1.9111971,1.07239,-0.30832133,1.7121289,1.7032307,0.0,1.0,0.0,1.0,1.0,0.0,0.0,1.0,0.0,1.0,1.0,0.0,0.0,1.0,1
2.2815304,1.5825249,2.3432512,-0.19648601,-1.5557605,1.5782363,1.0,0.0,1.0,0.0,0.0,1.0,1.0,0.0,0.0,1.0,0.0,1.0,0.0,1.0,1
1.7763102,1.1659696,1.5414158,-0.31947464,1.0897732,1.5590789,1.0,0.0,1.0,0.0,0.0,1.0,1.0,0.0,0.0,1.0,0.0,1.0,0.0,1.0,1
0.8895656,1.6017971,1.1360048,-0.15068221,1.3928503,1.0300921,1.0,0.0,0.0,1.0,0.0,1.0,0.0,1.0,1.0,0.0,1.0,0.0,0.0,1.0,1
1.056596,0.674275,0.8562503,-0.01634274,0.41032913,0.8341196,1.0,0.0,1.0,0.0,0.0,1.0,1.0,0.0,0.0,1.0,0.0,1.0,0.0,1.0,1
1.8337082,-1.1164116,1.5615246,-0.2009655,1.1148077,1.6847855,0.0,1.0,0.0,1.0,0.0,1.0,0.0,1.0,0.0,1.0,0.0,1.0,0.0,1.0,1
1.153237,1.2496399,1.201983,-0.18976697,1.0355903,1.3950934,0.0,1.0,0.0,1.0,0.0,1.0,0.0,1.0,1.0,0.0,0.0,1.0,0.0,1.0,1
0.33488837,-0.4117172,1.086919,0.04574168,0.45438638,0.7798961,0.0,1.0,0.0,1.0,1.0,0.0,0.0,1.0,0.0,1.0,0.0,1.0,0.0,1.0,1
1.8851694,1.541584,1.7966812,-0.3660792,1.4108224,1.7802284,0.0,1.0,0.0,1.0,0.0,1.0,0.0,1.0,0.0,1.0,0.0,1.0,0.0,1.0,1
1.6693387,1.1764407,1.2705323,-0.28325865,1.0719324,1.503962,1.0,0.0,1.0,0.0,1.0,0.0,1.0,0.0,0.0,1.0,0.0,1.0,0.0,1.0,1
1.9623995,1.608405,1.9124386,-0.5181672,1.4361086,1.8494586,0.0,1.0,1.0,0.0,0.0,1.0,1.0,0.0,0.0,1.0,0.0,1.0,0.0,1.0,1
0.35371795,0.99918747,0.4513292,0.11779729,0.7827154,0.9734553,0.0,1.0,0.0,1.0,0.0,1.0,0.0,1.0,0.0,1.0,0.0,1.0,1.0,0.0,1
0.864634,1.1605067,0.95703065,-0.09493662,1.0520374,1.2393823,0.0,1.0,0.0,1.0,0.0,1.0,0.0,1.0,0.0,1.0,0.0,1.0,0.0,1.0,1
1.5985677,1.1818992,2.0107343,-0.1832139,1.1365782,-0.59605885,0.0,1.0,0.0,1.0,1.0,0.0,0.0,1.0,0.0,1.0,0.0,1.0,0.0,1.0,1
0.53626907,1.1923912,0.90855974,-0.026310647,1.0696847,0.97696066,0.0,1.0,0.0,1.0,0.0,1.0,0.0,1.0,1.0,0.0,0.0,1.0,1.0,0.0,1
0.38407937,0.16804294,0.5349431,0.10396565,0.00148357,0.39814073,0.0,1.0,1.0,0.0,0.0,1.0,1.0,0.0,1.0,0.0,0.0,1.0,0.0,1.0,1
0.35029295,0.5325127,0.9256212,0.05211418,0.40580434,0.73274755,0.0,1.0,0.0,1.0,0.0,1.0,0.0,1.0,0.0,1.0,0.0,1.0,0.0,1.0,1
0.33687237,0.14503801,0.593528,0.11631239,0.0660019,0.46736532,1.0,0.0,1.0,0.0,0.0,1.0,1.0,0.0,0.0,1.0,0.0,1.0,0.0,1.0,1
0.22144397,0.04938424,0.5364152,0.19624355,0.0038482216,0.19639006,0.0,1.0,0.0,1.0,0.0,1.0,0.0,1.0,0.0,1.0,0.0,1.0,0.0,1.0,1
0.43965933,0.9954405,0.8089843,0.038783032,0.74547225,0.8326403,1.0,0.0,0.0,1.0,0.0,1.0,0.0,1.0,1.0,0.0,1.0,0.0,0.0,1.0,1
0.8479038,0.62122375,1.1063437,0.031929377,0.43491545,0.85279155,1.0,0.0,0.0,1.0,0.0,1.0,0.0,1.0,0.0,1.0,0.0,1.0,0.0,1.0,1
0.14281337,0.4917361,0.6398848,0.06817993,0.42324024,0.52999437,1.0,0.0,1.0,0.0,0.0,1.0,1.0,0.0,0.0,1.0,0.0,1.0,0.0,1.0,1
1.5041672,1.5252963,1.2451806,-0.23478329,1.3961717,1.6278495,1.0,0.0,0.0,1.0,0.0,1.0,0.0,1.0,0.0,1.0,1.0,0.0,0.0,1.0,1
1.3269452,0.8356123,1.1579883,-0.07035921,0.71484315,0.95090127,0.0,1.0,0.0,1.0,0.0,1.0,0.0,1.0,0.0,1.0,0.0,1.0,1.0,0.0,1
0.8712276,1.2095832,1.4107581,-0.20105506,1.0491034,1.1759909,0.0,1.0,0.0,1.0,1.0,0.0,0.0,1.0,0.0,1.0,0.0,1.0,0.0,1.0,1
-1.2140982,1.5527022,2.3188708,-0.2807257,1.4960898,1.901406,0.0,1.0,1.0,0.0,1.0,0.0,1.0,0.0,0.0,1.0,0.0,1.0,0.0,1.0,1
1.9439223,1.8765922,2.0574284,-0.604894,1.7151444,2.1409125,0.0,1.0,1.0,0.0,0.0,1.0,1.0,0.0,0.0,1.0,0.0,1.0,0.0,1.0,1
1.3682661,-1.1122969,1.882317,-0.07208783,1.1077958,-0.81938684,0.0,1.0,1.0,0.0,1.0,0.0,1.0,0.0,0.0,1.0,0.0,1.0,0.0,1.0,1
1.236585,0.9939009,0.8803687,-0.07354085,0.7124003,1.0246137,1.0,0.0,1.0,0.0,0.0,1.0,1.0,0.0,0.0,1.0,0.0,1.0,0.0,1.0,1
-0.5546448,1.3869071,1.9571433,-0.28216872,1.1493533,1.5483582,1.0,0.0,1.0,0.0,0.0,1.0,1.0,0.0,0.0,1.0,0.0,1.0,0.0,1.0,1
-1.193583,1.5262699,2.0000415,-0.24251136,1.4863774,1.8757321,1.0,0.0,1.0,0.0,1.0,0.0,1.0,0.0,0.0,1.0,0.0,1.0,0.0,1.0,1
1.8588018,1.1915083,0.93021464,-0.1295922,1.0595453,1.3813398,0.0,1.0,0.0,1.0,0.0,1.0,0.0,1.0,1.0,0.0,0.0,1.0,0.0,1.0,1
2.1208243,1.827417,2.4142063,-0.7079817,1.7676951,2.176691,0.0,1.0,1.0,0.0,0.0,1.0,1.0,0.0,0.0,1.0,0.0,1.0,0.0,1.0,1
1.1417798,0.86868906,1.2614509,-0.26998958,0.7776731,1.1329902,0.0,1.0,1.0,0.0,1.0,0.0,0.0,1.0,0.0,1.0,1.0,0.0,0.0,1.0,1
1.0299879,0.8253434,0.6232413,0.012343932,0.7218526,1.1332228,1.0,0.0,1.0,0.0,0.0,1.0,1.0,0.0,0.0,1.0,0.0,1.0,1.0,0.0,1
1.0680138,0.98664916,0.65928566,-0.07261294,0.6671389,0.9349944,0.0,1.0,1.0,0.0,0.0,1.0,0.0,1.0,0.0,1.0,1.0,0.0,0.0,1.0,1
0.8331368,0.6083471,1.2397544,-0.119751215,0.8280375,0.91748255,0.0,1.0,0.0,1.0,1.0,0.0,0.0,1.0,0.0,1.0,0.0,1.0,0.0,1.0,1
0.70862883,1.3756855,0.981529,-0.12334253,1.0246326,1.4744873,0.0,1.0,0.0,1.0,0.0,1.0,0.0,1.0,0.0,1.0,0.0,1.0,0.0,1.0,1
1.6636366,1.4845953,1.7228155,-0.4423432,1.3829632,1.8204504,0.0,1.0,1.0,0.0,0.0,1.0,1.0,0.0,0.0,1.0,0.0,1.0,0.0,1.0,1
2.0036285,1.5714777,1.9859674,-0.5091679,1.4377257,1.8950537,1.0,0.0,1.0,0.0,0.0,1.0,1.0,0.0,0.0,1.0,0.0,1.0,0.0,1.0,1
0.59752995,1.3820376,1.0340947,-0.06452416,1.029686,0.7711545,0.0,1.0,0.0,1.0,0.0,1.0,0.0,1.0,0.0,1.0,1.0,0.0,0.0,1.0,1
1.3503938,0.92861605,1.3933076,-0.20685187,0.76161355,1.1948607,0.0,1.0,0.0,1.0,1.0,0.0,0.0,1.0,0.0,1.0,1.0,0.0,0.0,1.0,1
2.088802,-1.5402346,1.4427972,-0.24035445,1.7280927,1.9832213,0.0,1.0,0.0,1.0,0.0,1.0,0.0,1.0,0.0,1.0,1.0,0.0,0.0,1.0,1
1.0797211,1.5887859,1.0651473,-0.1628815,1.3878075,1.0730287,1.0,0.0,0.0,1.0,1.0,0.0,0.0,1.0,0.0,1.0,1.0,0.0,0.0,1.0,1
0.40699726,-0.8385284,0.74139434,0.14831865,0.7863949,0.5337082,0.0,1.0,0.0,1.0,0.0,1.0,0.0,1.0,0.0,1.0,0.0,1.0,0.0,1.0,1
1.7895894,1.5766691,2.1159878,-0.5794767,1.4523968,1.840466,1.0,0.0,1.0,0.0,1.0,0.0,1.0,0.0,0.0,1.0,0.0,1.0,0.0,1.0,1
1.8582358,1.6085341,1.8484833,-0.54289055,1.4111552,1.8319291,0.0,1.0,1.0,0.0,1.0,0.0,1.0,0.0,1.0,0.0,0.0,1.0,0.0,1.0,1
0.97726405,0.8753302,0.8544159,0.00069118675,0.702002,1.0106727,0.0,1.0,0.0,1.0,0.0,1.0,0.0,1.0,1.0,0.0,0.0,1.0,0.0,1.0,1
0.38809246,1.0559316,0.8273371,0.06534889,0.72741073,0.4645931,1.0,0.0,0.0,1.0,1.0,0.0,0.0,1.0,0.0,1.0,1.0,0.0,0.0,1.0,1
-1.3137062,1.6408614,1.9576586,-0.17873572,1.4884759,1.8767997,0.0,1.0,1.0,0.0,0.0,1.0,0.0,1.0,0.0,1.0,1.0,0.0,0.0,1.0,1
1.0676821,-1.5302638,1.3105512,-0.106521055,1.4121443,1.5904324,0.0,1.0,0.0,1.0,0.0,1.0,0.0,1.0,0.0,1.0,0.0,1.0,0.0,1.0,1
-1.1415416,1.5073776,2.3007379,-0.15659015,1.4815518,1.7676615,1.0,0.0,0.0,1.0,1.0,0.0,0.0,1.0,0.0,1.0,0.0,1.0,0.0,1.0,1
1.7779557,1.5516174,1.8813276,-0.5110467,1.4219846,1.9454285,0.0,1.0,1.0,0.0,0.0,1.0,1.0,0.0,0.0,1.0,0.0,1.0,0.0,1.0,1
0.50696623,0.10970722,0.53606427,0.1634681,0.002809639,0.3995764,0.0,1.0,0.0,1.0,0.0,1.0,0.0,1.0,0.0,1.0,0.0,1.0,0.0,1.0,1
0.5811386,0.37370303,0.19750993,0.13976033,0.75286716,0.5912371,0.0,1.0,0.0,1.0,0.0,1.0,0.0,1.0,0.0,1.0,1.0,0.0,0.0,1.0,1
0.9206452,1.0131427,1.1988469,-0.18144917,0.7319774,1.1563735,0.0,1.0,1.0,0.0,0.0,1.0,1.0,0.0,0.0,1.0,0.0,1.0,0.0,1.0,1
0.39784223,0.06475503,0.6014059,0.1568302,0.0011945178,0.39947674,0.0,1.0,0.0,1.0,0.0,1.0,0.0,1.0,0.0,1.0,1.0,0.0,0.0,1.0,1
1.4080784,-1.1368613,1.6146574,-0.257661,1.11105,1.5180982,1.0,0.0,1.0,0.0,0.0,1.0,0.0,1.0,0.0,1.0,1.0,0.0,0.0,1.0,1
0.8855142,1.7336636,0.98968077,-0.15250643,1.3901138,1.1433641,0.0,1.0,0.0,1.0,0.0,1.0,0.0,1.0,0.0,1.0,1.0,0.0,0.0,1.0,1
0.7649029,1.1993611,0.9686565,-0.12064567,1.0364239,1.2710643,0.0,1.0,0.0,1.0,1.0,0.0,0.0,1.0,0.0,1.0,0.0,1.0,0.0,1.0,1
0.76200026,1.4860594,1.0635283,-0.14440137,1.3597451,1.0021642,0.0,1.0,0.0,1.0,1.0,0.0,0.0,1.0,0.0,1.0,1.0,0.0,0.0,1.0,1
0.3424657,0.96652806,0.7488097,0.0516479,0.71851146,0.80359834,0.0,1.0,0.0,1.0,0.0,1.0,0.0,1.0,0.0,1.0,1.0,0.0,0.0,1.0,1
1.3836569,1.2576284,1.5063956,-0.36982256,1.0834851,1.5050484,0.0,1.0,1.0,0.0,0.0,1.0,0.0,1.0,0.0,1.0,1.0,0.0,0.0,1.0,1
1.7888554,-1.6343877,2.2973886,-0.43042406,1.7400064,2.225923,0.0,1.0,0.0,1.0,0.0,1.0,0.0,1.0,0.0,1.0,0.0,1.0,0.0,1.0,1
0.47459474,0.2546289,0.7865228,0.14513765,0.07175756,0.46498117,1.0,0.0,0.0,1.0,0.0,1.0,0.0,1.0,0.0,1.0,0.0,1.0,0.0,1.0,1
0.7751292,0.9270132,0.7146849,0.018145489,0.70848745,0.77464485,0.0,1.0,0.0,1.0,0.0,1.0,0.0,1.0,0.0,1.0,1.0,0.0,0.0,1.0,1
1.8510368,1.5170377,1.9772278,-0.524666,1.42983,1.8437715,0.0,1.0,1.0,0.0,0.0,1.0,1.0,0.0,0.0,1.0,0.0,1.0,0.0,1.0,1
2.1570494,1.8009615,1.5200663,-0.40440932,1.7077911,1.9845823,0.0,1.0,0.0,1.0,0.0,1.0,0.0,1.0,0.0,1.0,1.0,0.0,0.0,1.0,1
0.13147214,0.32586393,0.6443333,0.16544154,0.20434742,0.46086216,0.0,1.0,0.0,1.0,0.0,1.0,0.0,1.0,0.0,1.0,1.0,0.0,0.0,1.0,1
0.113000244,0.49925458,0.67906266,0.13680299,0.19885355,0.538795,0.0,1.0,0.0,1.0,0.0,1.0,0.0,1.0,0.0,1.0,0.0,1.0,0.0,1.0,1
0.1905393,0.1409068,0.633286,0.16947208,0.066832796,0.44135574,0.0,1.0,0.0,1.0,0.0,1.0,0.0,1.0,0.0,1.0,1.0,0.0,0.0,1.0,1
-1.4210504,1.9550123,2.5259385,0.031691395,-1.8940837,2.1385045,1.0,0.0,1.0,0.0,0.0,1.0,1.0,0.0,0.0,1.0,0.0,1.0,0.0,1.0,1
4.829557,4.7513223,4.8932953,-1.9476058,4.6446424,5.208676,0.0,1.0,0.0,1.0,0.0,1.0,0.0,1.0,0.0,1.0,1.0,0.0,0.0,1.0,1
4.814253,4.6986938,4.6546955,-2.026997,5.1799774,5.0519156,0.0,1.0,1.0,0.0,0.0,1.0,1.0,0.0,1.0,0.0,0.0,1.0,1.0,0.0,1
4.7671456,4.6670003,5.095359,-2.0571811,4.6366467,5.018351,0.0,1.0,1.0,0.0,1.0,0.0,1.0,0.0,0.0,1.0,0.0,1.0,0.0,1.0,1
5.0176506,4.8206058,5.1255827,-2.0042036,4.6759834,4.892664,1.0,0.0,1.0,0.0,0.0,1.0,1.0,0.0,0.0,1.0,0.0,1.0,0.0,1.0,1
4.775485,4.6813893,5.27063,-2.1325219,5.0725474,5.0240355,1.0,0.0,1.0,0.0,0.0,1.0,0.0,1.0,0.0,1.0,1.0,0.0,0.0,1.0,1
4.8174424,4.8518105,5.256561,-0.9149114,-4.5886707,5.131776,0.0,1.0,1.0,0.0,1.0,0.0,1.0,0.0,0.0,1.0,0.0,1.0,0.0,1.0,1
4.938483,4.6181197,4.379723,-1.7561536,4.6463857,4.6039567,1.0,0.0,0.0,1.0,0.0,1.0,0.0,1.0,1.0,0.0,1.0,0.0,0.0,1.0,1
4.150554,4.7747407,4.231282,-1.7394001,4.6205397,4.651408,0.0,1.0,0.0,1.0,0.0,1.0,0.0,1.0,1.0,0.0,1.0,0.0,0.0,1.0,1
4.712798,-4.5466423,4.574389,-1.492668,4.660684,4.870236,0.0,1.0,0.0,1.0,1.0,0.0,0.0,1.0,0.0,1.0,1.0,0.0,0.0,1.0,1
4.78664,5.299044,5.2718287,-2.1067243,4.6490083,5.025159,1.0,0.0,1.0,0.0,1.0,0.0,1.0,0.0,0.0,1.0,0.0,1.0,0.0,1.0,1
4.5706544,4.6523614,4.576148,-1.8057522,4.691438,5.0223813,0.0,1.0,0.0,1.0,0.0,1.0,0.0,1.0,0.0,1.0,0.0,1.0,0.0,1.0,1
5.158836,-4.5008807,4.360071,-1.6117922,4.7525115,5.069195,0.0,1.0,1.0,0.0,1.0,0.0,1.0,0.0,0.0,1.0,0.0,1.0,1.0,0.0,1
4.437081,4.8946333,3.9485986,-1.6551538,4.642569,4.332241,0.0,1.0,0.0,1.0,0.0,1.0,0.0,1.0,0.0,1.0,1.0,0.0,0.0,1.0,1
4.4851027,4.766663,4.410403,-1.7750922,4.7231426,4.797912,1.0,0.0,0.0,1.0,1.0,0.0,0.0,1.0,1.0,0.0,0.0,1.0,0.0,1.0,1
4.8734307,-4.467503,4.4338226,-1.4130795,4.690297,4.9041204,1.0,0.0,0.0,1.0,0.0,1.0,0.0,1.0,0.0,1.0,1.0,0.0,0.0,1.0,1
4.7041235,-4.5783706,5.0730157,-1.6499456,4.658946,4.9258943,0.0,1.0,1.0,0.0,0.0,1.0,1.0,0.0,0.0,1.0,0.0,1.0,0.0,1.0,1
3.9535713,4.70994,4.164587,-1.636713,4.6502457,4.31696,0.0,1.0,0.0,1.0,0.0,1.0,0.0,1.0,0.0,1.0,0.0,1.0,0.0,1.0,1
4.0781226,4.458705,4.2748337,-1.6482141,4.403725,4.5401955,0.0,1.0,0.0,1.0,0.0,1.0,0.0,1.0,0.0,1.0,0.0,1.0,0.0,1.0,1
4.602971,4.755804,3.926994,-1.672927,4.650122,4.556628,0.0,1.0,0.0,1.0,0.0,1.0,0.0,1.0,0.0,1.0,1.0,0.0,0.0,1.0,1
4.740941,4.674422,5.126309,-2.0557234,4.6429124,5.247185,0.0,1.0,1.0,0.0,0.0,1.0,1.0,0.0,0.0,1.0,0.0,1.0,0.0,1.0,1
4.9140053,4.760225,5.505824,-2.078177,4.959646,5.038407,1.0,0.0,0.0,1.0,1.0,0.0,0.0,1.0,0.0,1.0,0.0,1.0,0.0,1.0,1
4.5043764,4.7417455,4.8030677,-1.8950427,4.667914,5.3666315,0.0,1.0,0.0,1.0,0.0,1.0,0.0,1.0,0.0,1.0,0.0,1.0,1.0,0.0,1
5.2278185,4.754311,5.2068987,-2.0715494,4.6582484,5.0341353,1.0,0.0,1.0,0.0,1.0,0.0,1.0,0.0,0.0,1.0,0.0,1.0,0.0,1.0,1
-3.6050696,4.6793737,5.0496583,-0.75001997,4.744917,4.972849,1.0,0.0,0.0,1.0,1.0,0.0,0.0,1.0,0.0,1.0,0.0,1.0,0.0,1.0,1
4.0856643,4.7345295,4.260899,-1.7067019,4.6907654,4.717379,1.0,0.0,0.0,1.0,1.0,0.0,0.0,1.0,0.0,1.0,0.0,1.0,0.0,1.0,1
4.6847963,-4.210256,5.0546174,-1.5424328,4.3922157,4.757942,1.0,0.0,0.0,1.0,1.0,0.0,0.0,1.0,0.0,1.0,1.0,0.0,0.0,1.0,1
4.544016,4.35141,5.0849204,-1.9722815,4.375467,4.6167116,0.0,1.0,1.0,0.0,0.0,1.0,0.0,1.0,0.0,1.0,1.0,0.0,0.0,1.0,1
4.6117616,4.676587,4.967027,-1.9642026,5.110085,4.968676,0.0,1.0,0.0,1.0,0.0,1.0,0.0,1.0,1.0,0.0,0.0,1.0,1.0,0.0,1
4.715148,4.7924056,4.985163,-1.9053903,4.6850386,5.2004523,1.0,0.0,0.0,1.0,0.0,1.0,0.0,1.0,1.0,0.0,0.0,1.0,0.0,1.0,1
4.848854,-4.5513244,4.543714,-1.4354997,4.690598,4.9287515,1.0,0.0,0.0,1.0,0.0,1.0,0.0,1.0,0.0,1.0,1.0,0.0,0.0,1.0,1
4.685306,4.6491904,5.175147,-2.0730414,4.63685,5.017547,0.0,1.0,1.0,0.0,1.0,0.0,1.0,0.0,0.0,1.0,0.0,1.0,0.0,1.0,1
4.941044,4.828508,5.273981,-2.1255102,4.645655,5.0255256,1.0,0.0,1.0,0.0,1.0,0.0,0.0,1.0,0.0,1.0,1.0,0.0,0.0,1.0,1
4.569108,-4.3378096,5.3954463,-0.45030418,4.708254,-4.1382866,0.0,1.0,0.0,1.0,1.0,0.0,0.0,1.0,0.0,1.0,0.0,1.0,0.0,1.0,1
4.978498,4.631432,4.366977,-1.8077319,4.6329365,4.676407,0.0,1.0,0.0,1.0,1.0,0.0,0.0,1.0,0.0,1.0,1.0,0.0,0.0,1.0,1
4.3515897,-4.490629,4.6730356,-1.4535141,4.7610164,4.9183426,1.0,0.0,0.0,1.0,0.0,1.0,0.0,1.0,0.0,1.0,0.0,1.0,0.0,1.0,1
-3.3435712,3.888336,4.458713,-0.6485635,3.8443394,4.251051,0.0,1.0,1.0,0.0,1.0,0.0,1.0,0.0,0.0,1.0,0.0,1.0,0.0,1.0,1
4.321091,4.8862777,4.17445,-1.7126868,4.7170153,4.848074,0.0,1.0,0.0,1.0,0.0,1.0,0.0,1.0,0.0,1.0,0.0,1.0,1.0,0.0,1
4.0980196,4.785418,4.537055,-1.756441,4.65252,4.682817,0.0,1.0,0.0,1.0,0.0,1.0,0.0,1.0,0.0,1.0,0.0,1.0,0.0,1.0,1
4.7290554,-4.180139,4.269845,-1.3843875,4.388448,4.6101475,0.0,1.0,0.0,1.0,1.0,0.0,0.0,1.0,1.0,0.0,1.0,0.0,0.0,1.0,1
4.8230686,4.3661976,4.8615084,-1.9281262,4.382821,4.78094,0.0,1.0,1.0,0.0,0.0,1.0,1.0,0.0,1.0,0.0,0.0,1.0,0.0,1.0,1
4.68798,-4.5184193,5.0691295,-1.6709251,4.63671,5.028976,0.0,1.0,1.0,0.0,1.0,0.0,1.0,0.0,0.0,1.0,0.0,1.0,0.0,1.0,1
3.6306195,4.5373006,3.5957649,-1.498396,4.338937,3.8391893,0.0,1.0,0.0,1.0,1.0,0.0,0.0,1.0,0.0,1.0,1.0,0.0,0.0,1.0,1
3.9095347,4.7734447,4.2471557,-1.7723835,4.627505,4.622443,0.0,1.0,0.0,1.0,1.0,0.0,0.0,1.0,1.0,0.0,1.0,0.0,0.0,1.0,1
4.9779844,4.7340183,5.2598658,-2.058017,4.655215,5.1794157,1.0,0.0,1.0,0.0,0.0,1.0,1.0,0.0,0.0,1.0,0.0,1.0,0.0,1.0,1
-3.8895128,-4.4342737,5.18828,-0.37364918,4.657633,5.0438447,0.0,1.0,1.0,0.0,0.0,1.0,1.0,0.0,0.0,1.0,0.0,1.0,0.0,1.0,1
4.9416084,4.737644,5.4009743,-2.1522276,4.6486254,5.0252385,0.0,1.0,1.0,0.0,1.0,0.0,1.0,0.0,1.0,0.0,0.0,1.0,0.0,1.0,1
4.442696,4.2303104,4.614889,-1.8042673,4.128935,4.5152345,1.0,0.0,1.0,0.0,0.0,1.0,0.0,1.0,0.0,1.0,1.0,0.0,0.0,1.0,1
-4.2057214,4.652542,5.3032064,-0.7144552,4.64488,5.0484867,0.0,1.0,1.0,0.0,1.0,0.0,1.0,0.0,1.0,0.0,0.0,1.0,0.0,1.0,1
4.765387,4.715889,5.1573205,-2.1129646,4.636017,5.022904,0.0,1.0,1.0,0.0,1.0,0.0,0.0,1.0,0.0,1.0,1.0,0.0,0.0,1.0,1
4.9118457,4.83239,5.229393,-2.0910225,4.6360025,5.1223645,0.0,1.0,1.0,0.0,0.0,1.0,1.0,0.0,1.0,0.0,0.0,1.0,0.0,1.0,1
4.7162137,4.619344,5.1141806,-2.0488312,4.6422086,5.2485776,0.0,1.0,1.0,0.0,0.0,1.0,1.0,0.0,0.0,1.0,0.0,1.0,0.0,1.0,1
4.8505154,4.6624255,5.1823134,-2.047636,4.6409397,5.0328193,0.0,1.0,1.0,0.0,0.0,1.0,1.0,0.0,0.0,1.0,0.0,1.0,0.0,1.0,1
4.9411054,4.667951,5.24356,-1.9564753,4.6626472,5.0062704,0.0,1.0,0.0,1.0,0.0,1.0,0.0,1.0,0.0,1.0,0.0,1.0,0.0,1.0,1
5.115375,4.790424,5.164853,-2.0442052,4.6557274,5.054545,1.0,0.0,1.0,0.0,0.0,1.0,1.0,0.0,1.0,0.0,0.0,1.0,0.0,1.0,1
5.070355,4.722198,3.919077,-1.6556205,4.74144,4.767421,0.0,1.0,0.0,1.0,0.0,1.0,0.0,1.0,0.0,1.0,0.0,1.0,0.0,1.0,1
4.2521214,4.7197695,4.5832,-1.794987,4.633431,4.519156,0.0,1.0,0.0,1.0,0.0,1.0,0.0,1.0,0.0,1.0,1.0,0.0,0.0,1.0,1
4.898711,4.68155,5.2002788,-1.1065114,4.638419,-3.9471447,0.0,1.0,1.0,0.0,1.0,0.0,0.0,1.0,0.0,1.0,1.0,0.0,0.0,1.0,1
5.1040287,4.6211305,4.8580666,-1.8774053,4.708327,5.001634,0.0,1.0,0.0,1.0,0.0,1.0,0.0,1.0,0.0,1.0,0.0,1.0,0.0,1.0,1
4.914182,4.6118913,5.2095366,-2.0531223,4.6458435,5.0221663,0.0,1.0,1.0,0.0,0.0,1.0,1.0,0.0,0.0,1.0,0.0,1.0,0.0,1.0,1
-4.328921,4.682611,5.4441915,-0.7075123,4.6528687,4.8044057,0.0,1.0,1.0,0.0,0.0,1.0,0.0,1.0,0.0,1.0,1.0,0.0,0.0,1.0,1
-3.9199028,4.7399826,5.212713,-0.6791972,4.691517,5.0672836,0.0,1.0,0.0,1.0,1.0,0.0,0.0,1.0,0.0,1.0,0.0,1.0,0.0,1.0,1
4.0028524,4.6797647,4.661996,-1.822564,4.642144,4.816661,0.0,1.0,0.0,1.0,1.0,0.0,0.0,1.0,0.0,1.0,0.0,1.0,0.0,1.0,1
4.5428176,4.787109,4.63556,-1.8114781,4.6813836,4.8790145,0.0,1.0,0.0,1.0,0.0,1.0,0.0,1.0,0.0,1.0,0.0,1.0,0.0,1.0,1
4.5374093,4.7990746,4.790808,-1.8710021,4.667536,5.1915636,0.0,1.0,0.0,1.0,0.0,1.0,0.0,1.0,0.0,1.0,0.0,1.0,0.0,1.0,1
5.3160615,-4.6005206,4.865484,-1.5336981,4.675754,4.8075294,0.0,1.0,0.0,1.0,0.0,1.0,0.0,1.0,0.0,1.0,1.0,0.0,0.0,1.0,1
5.0213723,-4.4265885,5.1712933,-1.6171978,4.654329,4.9781127,0.0,1.0,0.0,1.0,0.0,1.0,0.0,1.0,0.0,1.0,1.0,0.0,0.0,1.0,1
3.9941978,-4.480978,4.029885,-1.2587401,4.7127767,4.244001,0.0,1.0,0.0,1.0,0.0,1.0,0.0,1.0,0.0,1.0,0.0,1.0,0.0,1.0,1
4.1359124,4.774813,4.5209618,-1.7463044,4.650695,4.6090727,0.0,1.0,0.0,1.0,0.0,1.0,0.0,1.0,0.0,1.0,0.0,1.0,0.0,1.0,1
4.1737857,4.705228,4.185472,-1.6846998,4.683647,4.6831555,0.0,1.0,0.0,1.0,0.0,1.0,0.0,1.0,0.0,1.0,0.0,1.0,0.0,1.0,1
4.1850576,4.742163,4.1922865,-1.7191209,4.6457467,4.5911856,0.0,1.0,0.0,1.0,0.0,1.0,0.0,1.0,0.0,1.0,1.0,0.0,0.0,1.0,1
4.8474836,4.6609106,5.3654876,-2.0974438,4.646745,5.091973,0.0,1.0,1.0,0.0,0.0,1.0,1.0,0.0,0.0,1.0,0.0,1.0,1.0,0.0,1
4.9804,4.7213726,5.1820264,-2.0060925,4.6644063,4.8545136,1.0,0.0,1.0,0.0,0.0,1.0,1.0,0.0,0.0,1.0,0.0,1.0,0.0,1.0,1
4.5272126,-4.564537,5.058795,-1.5316842,4.6763816,4.749931,1.0,0.0,0.0,1.0,1.0,0.0,0.0,1.0,0.0,1.0,0.0,1.0,0.0,1.0,1
4.9154983,4.7294774,4.3653045,-1.7948357,4.649215,4.8155017,0.0,1.0,0.0,1.0,0.0,1.0,0.0,1.0,0.0,1.0,1.0,0.0,0.0,1.0,1
5.147131,4.767183,4.699538,-1.8520068,4.6530123,4.9555464,0.0,1.0,0.0,1.0,0.0,1.0,0.0,1.0,1.0,0.0,0.0,1.0,0.0,1.0,1
3.997187,4.753326,4.309928,-1.7665812,4.639869,4.387809,0.0,1.0,0.0,1.0,1.0,0.0,0.0,1.0,1.0,0.0,1.0,0.0,0.0,1.0,1
5.258077,4.8780527,4.4235654,-1.9270712,4.6897554,4.983693,0.0,1.0,1.0,0.0,1.0,0.0,1.0,0.0,0.0,1.0,0.0,1.0,0.0,1.0,1
5.173159,4.798284,5.180241,-2.036912,4.6642094,5.0856385,1.0,0.0,1.0,0.0,0.0,1.0,1.0,0.0,0.0,1.0,0.0,1.0,0.0,1.0,1
5.0104856,4.70389,5.1914525,-1.9978597,4.6522584,4.986154,1.0,0.0,0.0,1.0,1.0,0.0,0.0,1.0,0.0,1.0,1.0,0.0,0.0,1.0,1
4.897104,4.8337173,4.32694,-1.7830431,4.6494036,4.7319303,0.0,1.0,0.0,1.0,0.0,1.0,0.0,1.0,0.0,1.0,1.0,0.0,0.0,1.0,1
5.016104,4.8360505,4.8950853,-1.8994873,4.721724,5.004056,1.0,0.0,0.0,1.0,1.0,0.0,0.0,1.0,0.0,1.0,0.0,1.0,0.0,1.0,1
4.8184557,4.620355,5.1377587,-2.024336,4.6472616,5.1647673,0.0,1.0,0.0,1.0,1.0,0.0,0.0,1.0,0.0,1.0,1.0,0.0,0.0,1.0,1
4.648368,4.7290416,4.250271,-1.7653253,4.6205397,4.530314,0.0,1.0,0.0,1.0,1.0,0.0,0.0,1.0,0.0,1.0,1.0,0.0,0.0,1.0,1
4.561561,-4.492245,5.050368,-1.5400919,4.6833344,4.7185254,0.0,1.0,0.0,1.0,0.0,1.0,0.0,1.0,0.0,1.0,0.0,1.0,0.0,1.0,1
4.9213386,4.8321843,4.4322286,-1.8427761,4.6357293,4.80313,0.0,1.0,0.0,1.0,1.0,0.0,0.0,1.0,0.0,1.0,1.0,0.0,0.0,1.0,1
3.9292421,4.759826,4.6521883,-1.82082,4.6405864,4.8082485,0.0,1.0,0.0,1.0,1.0,0.0,0.0,1.0,0.0,1.0,0.0,1.0,0.0,1.0,1
4.1337824,4.884217,3.9647515,-1.6630049,4.739279,4.7678685,0.0,1.0,0.0,1.0,0.0,1.0,0.0,1.0,0.0,1.0,0.0,1.0,1.0,0.0,1
4.1194906,-4.335821,4.1862817,-1.3273379,4.3894444,4.4497037,0.0,1.0,0.0,1.0,1.0,0.0,0.0,1.0,0.0,1.0,1.0,0.0,0.0,1.0,1
-3.4590423,4.546351,4.8993,-0.79793584,4.3785067,4.5859303,0.0,1.0,1.0,0.0,1.0,0.0,1.0,0.0,0.0,1.0,0.0,1.0,0.0,1.0,1
4.3951902,4.823663,4.680933,-1.8121321,4.740356,5.0094647,1.0,0.0,0.0,1.0,0.0,1.0,0.0,1.0,0.0,1.0,0.0,1.0,1.0,0.0,1
4.954732,4.4191613,4.9124656,-1.902328,4.4087477,4.7839046,1.0,0.0,1.0,0.0,0.0,1.0,1.0,0.0,0.0,1.0,0.0,1.0,0.0,1.0,1
5.1014457,-4.5721693,5.257828,-1.7425956,4.633212,5.033837,0.0,1.0,1.0,0.0,1.0,0.0,1.0,0.0,0.0,1.0,0.0,1.0,0.0,1.0,1
5.218708,4.706211,4.8405056,-1.9404024,4.7035747,5.059722,0.0,1.0,0.0,1.0,0.0,1.0,0.0,1.0,0.0,1.0,1.0,0.0,1.0,0.0,1
4.404715,4.725601,4.7905793,-1.8783894,4.642286,4.861935,0.0,1.0,0.0,1.0,0.0,1.0,0.0,1.0,0.0,1.0,1.0,0.0,0.0,1.0,1
4.168192,4.8522973,5.017662,-1.9265652,4.638936,4.8679175,0.0,1.0,0.0,1.0,1.0,0.0,0.0,1.0,1.0,0.0,0.0,1.0,0.0,1.0,1
3.717665,4.4887223,4.0825796,-1.5345329,4.369204,3.939716,0.0,1.0,0.0,1.0,0.0,1.0,0.0,1.0,0.0,1.0,0.0,1.0,0.0,1.0,1
-4.140549,4.678727,5.2515626,-0.76277876,4.638347,5.044116,0.0,1.0,1.0,0.0,1.0,0.0,1.0,0.0,0.0,1.0,0.0,1.0,0.0,1.0,1
5.0301585,4.9683986,4.5004816,-1.8624521,4.649998,4.9027433,1.0,0.0,0.0,1.0,1.0,0.0,0.0,1.0,1.0,0.0,1.0,0.0,0.0,1.0,1
4.6267567,4.3967915,4.055835,-1.6517771,4.3790884,4.5320873,0.0,1.0,0.0,1.0,0.0,1.0,0.0,1.0,0.0,1.0,1.0,0.0,0.0,1.0,1
5.0635424,4.68684,5.280046,-2.0200503,4.9668784,5.0436225,0.0,1.0,0.0,1.0,0.0,1.0,0.0,1.0,0.0,1.0,0.0,1.0,0.0,1.0,1
5.0888777,4.7676854,3.7829616,-1.6499884,4.6648064,4.5113373,0.0,1.0,0.0,1.0,0.0,1.0,0.0,1.0,1.0,0.0,1.0,0.0,0.0,1.0,1
4.36121,-4.3317227,4.7245913,-1.4451672,4.4261355,4.754773,0.0,1.0,0.0,1.0,0.0,1.0,0.0,1.0,0.0,1.0,0.0,1.0,0.0,1.0,1
4.8379326,4.827345,5.265766,-2.1218164,4.6475363,5.128653,0.0,1.0,1.0,0.0,1.0,0.0,1.0,0.0,0.0,1.0,0.0,1.0,0.0,1.0,1
4.352139,4.724091,4.589397,-1.7956733,4.6748204,4.8985295,0.0,1.0,0.0,1.0,0.0,1.0,0.0,1.0,0.0,1.0,0.0,1.0,0.0,1.0,1
5.1669655,4.7387795,4.877672,-1.9235499,4.643889,4.9336143,0.0,1.0,0.0,1.0,0.0,1.0,0.0,1.0,0.0,1.0,1.0,0.0,0.0,1.0,1
4.0107203,4.806029,4.313995,-1.7706711,4.640498,4.3918467,0.0,1.0,0.0,1.0,1.0,0.0,0.0,1.0,1.0,0.0,1.0,0.0,0.0,1.0,1
3.942929,-4.478676,4.6308575,-1.4095137,4.671451,4.5952187,0.0,1.0,0.0,1.0,1.0,0.0,0.0,1.0,0.0,1.0,0.0,1.0,0.0,1.0,1
4.1712785,4.7465467,4.3532243,-1.7920756,4.630675,4.6394477,0.0,1.0,0.0,1.0,1.0,0.0,0.0,1.0,0.0,1.0,1.0,0.0,0.0,1.0,1
4.308559,4.7697306,4.7924347,-1.8323534,4.673657,4.9705577,1.0,0.0,0.0,1.0,0.0,1.0,0.0,1.0,1.0,0.0,0.0,1.0,0.0,1.0,1
4.8769813,4.7239304,5.246501,-2.0437553,4.6610703,5.088775,1.0,0.0,1.0,0.0,0.0,1.0,1.0,0.0,0.0,1.0,0.0,1.0,0.0,1.0,1
4.9414163,4.7125053,5.1837516,-1.9978917,4.658884,5.21875,0.0,1.0,0.0,1.0,1.0,0.0,0.0,1.0,0.0,1.0,0.0,1.0,0.0,1.0,1
-4.345689,4.661822,5.2408557,-0.7007722,4.6646724,5.063326,0.0,1.0,1.0,0.0,0.0,1.0,0.0,1.0,0.0,1.0,1.0,0.0,0.0,1.0,1
5.3909607,4.65974,4.641676,-1.8729663,4.652879,4.6040792,0.0,1.0,0.0,1.0,1.0,0.0,0.0,1.0,0.0,1.0,1.0,0.0,0.0,1.0,1
4.8886805,4.7295523,5.1706,-2.0322669,4.665674,5.1412706,1.0,0.0,1.0,0.0,0.0,1.0,1.0,0.0,0.0,1.0,0.0,1.0,0.0,1.0,1
5.0118484,4.661192,4.369695,-1.866215,4.6926312,4.9094963,0.0,1.0,0.0,1.0,1.0,0.0,0.0,1.0,1.0,0.0,1.0,0.0,1.0,0.0,1
4.1685023,-4.547955,4.669333,-1.4571902,4.677966,4.8665075,0.0,1.0,0.0,1.0,1.0,0.0,0.0,1.0,0.0,1.0,0.0,1.0,0.0,1.0,1
4.9020777,4.7272167,5.0637794,-2.0340257,4.624889,5.0186653,0.0,1.0,1.0,0.0,0.0,1.0,1.0,0.0,1.0,0.0,0.0,1.0,0.0,1.0,1
4.6443243,4.4827833,4.812424,-1.8872813,4.40902,4.8833475,1.0,0.0,1.0,0.0,0.0,1.0,1.0,0.0,0.0,1.0,0.0,1.0,0.0,1.0,1
4.894986,4.4552436,3.461543,-1.5097011,4.42553,4.255263,0.0,1.0,0.0,1.0,0.0,1.0,0.0,1.0,1.0,0.0,1.0,0.0,0.0,1.0,1
4.196876,4.4030423,4.5584135,-1.7139702,4.382736,4.621903,0.0,1.0,0.0,1.0,0.0,1.0,0.0,1.0,0.0,1.0,0.0,1.0,0.0,1.0,1
4.746423,4.6172366,4.915027,-1.8938798,4.646096,4.9845576,1.0,0.0,0.0,1.0,0.0,1.0,0.0,1.0,0.0,1.0,1.0,0.0,0.0,1.0,1
4.142061,4.199527,3.7406425,-1.4848881,4.098814,4.208775,1.0,0.0,0.0,1.0,0.0,1.0,0.0,1.0,1.0,0.0,1.0,0.0,0.0,1.0,1
4.1925073,3.9380896,4.4340954,-1.6861916,3.8446956,4.227566,0.0,1.0,1.0,0.0,0.0,1.0,1.0,0.0,0.0,1.0,0.0,1.0,0.0,1.0,1
4.4865217,-4.270766,-3.4276743,1.279768,4.367767,-4.034086,0.0,1.0,0.0,1.0,1.0,0.0,0.0,1.0,0.0,1.0,0.0,1.0,0.0,1.0,1
4.5532184,4.763268,4.384246,-1.7901586,4.6497483,4.766052,0.0,1.0,0.0,1.0,0.0,1.0,0.0,1.0,0.0,1.0,1.0,0.0,0.0,1.0,1
3.5510314,-3.725796,3.7661102,-1.1118748,3.8857164,4.0238543,0.0,1.0,0.0,1.0,0.0,1.0,0.0,1.0,0.0,1.0,0.0,1.0,0.0,1.0,1
-4.375761,4.739822,5.234523,-0.7037715,4.654065,5.1610622,0.0,1.0,1.0,0.0,0.0,1.0,1.0,0.0,0.0,1.0,0.0,1.0,0.0,1.0,1
4.359164,4.393735,4.0204043,-1.6420587,4.377677,4.5407224,0.0,1.0,0.0,1.0,0.0,1.0,0.0,1.0,0.0,1.0,1.0,0.0,0.0,1.0,1
5.2149076,4.6523843,4.586204,-1.9338853,4.6847963,4.7200866,0.0,1.0,1.0,0.0,0.0,1.0,0.0,1.0,0.0,1.0,1.0,0.0,0.0,1.0,1
4.862312,4.7533803,5.230429,-2.0363452,4.66242,5.0441184,1.0,0.0,1.0,0.0,0.0,1.0,1.0,0.0,0.0,1.0,0.0,1.0,0.0,1.0,1
4.109497,4.764869,4.428509,-1.7323647,4.6567206,4.6713033,0.0,1.0,0.0,1.0,0.0,1.0,0.0,1.0,0.0,1.0,0.0,1.0,0.0,1.0,1
4.370208,4.7201066,4.677408,-1.8068973,4.655465,4.8438635,0.0,1.0,0.0,1.0,0.0,1.0,0.0,1.0,0.0,1.0,0.0,1.0,0.0,1.0,1
-3.8180146,4.5010757,4.9582863,-0.63924026,4.451984,4.896903,1.0,0.0,0.0,1.0,1.0,0.0,0.0,1.0,0.0,1.0,0.0,1.0,0.0,1.0,1
4.86119,4.611669,4.356589,-1.7647496,4.6836286,4.8532887,1.0,0.0,0.0,1.0,0.0,1.0,0.0,1.0,0.0,1.0,1.0,0.0,0.0,1.0,1
5.385068,4.7323136,4.4809246,-1.8760333,4.666761,4.9653482,0.0,1.0,0.0,1.0,1.0,0.0,0.0,1.0,0.0,1.0,1.0,0.0,0.0,1.0,1
-4.2214994,-4.4219174,5.2032385,-0.29718265,4.6899223,5.0660467,0.0,1.0,1.0,0.0,1.0,0.0,0.0,1.0,1.0,0.0,1.0,0.0,0.0,1.0,1
4.6613507,4.815766,4.580403,-1.826665,4.6451173,4.8382416,1.0,0.0,0.0,1.0,0.0,1.0,0.0,1.0,1.0,0.0,1.0,0.0,0.0,1.0,1
5.343262,4.6882153,4.442926,-1.8630837,4.6654773,4.9515214,0.0,1.0,0.0,1.0,1.0,0.0,0.0,1.0,0.0,1.0,1.0,0.0,0.0,1.0,1
4.8760595,4.6289315,5.1274557,-2.0660243,4.635046,5.0207605,0.0,1.0,1.0,0.0,1.0,0.0,1.0,0.0,0.0,1.0,0.0,1.0,0.0,1.0,1
4.49291,4.8234596,4.208618,-1.750661,4.617794,4.436595,0.0,1.0,0.0,1.0,1.0,0.0,0.0,1.0,0.0,1.0,1.0,0.0,0.0,1.0,1
-4.2506027,4.7052436,5.1476836,-0.7053192,4.6794553,4.9860506,0.0,1.0,1.0,0.0,0.0,1.0,0.0,1.0,0.0,1.0,1.0,0.0,0.0,1.0,1
4.872134,4.685047,4.7438335,-1.9616874,4.686541,5.0455456,0.0,1.0,1.0,0.0,0.0,1.0,1.0,0.0,0.0,1.0,0.0,1.0,1.0,0.0,1
4.678149,4.670975,5.2917395,-1.9730119,4.641314,5.1624913,0.0,1.0,0.0,1.0,0.0,1.0,0.0,1.0,0.0,1.0,0.0,1.0,0.0,1.0,1
-3.94365,4.748338,5.4672484,-0.8296677,4.6356487,4.9888353,0.0,1.0,1.0,0.0,0.0,1.0,1.0,0.0,0.0,1.0,0.0,1.0,0.0,1.0,1
5.012313,4.7774944,5.2787385,-2.1274168,4.645147,5.125739,0.0,1.0,1.0,0.0,1.0,0.0,1.0,0.0,0.0,1.0,0.0,1.0,0.0,1.0,1
4.133494,4.6685004,4.2216973,-1.7309338,4.6174374,4.6414385,0.0,1.0,0.0,1.0,0.0,1.0,0.0,1.0,1.0,0.0,1.0,0.0,0.0,1.0,1
3.8497272,4.6159325,4.4607234,-1.7504425,4.651653,4.7991686,0.0,1.0,0.0,1.0,0.0,1.0,0.0,1.0,1.0,0.0,0.0,1.0,0.0,1.0,1
4.9913907,4.8791904,4.022167,-1.7496186,4.7522235,4.802689,0.0,1.0,0.0,1.0,0.0,1.0,0.0,1.0,0.0,1.0,1.0,0.0,1.0,0.0,1
4.4351687,4.667748,4.5978165,-1.7690816,4.750196,4.8294725,1.0,0.0,0.0,1.0,0.0,1.0,0.0,1.0,0.0,1.0,0.0,1.0,0.0,1.0,1
5.0220637,4.65524,5.5197906,-2.0597787,4.6388683,5.057135,0.0,1.0,0.0,1.0,1.0,0.0,0.0,1.0,0.0,1.0,0.0,1.0,0.0,1.0,1
4.2159295,4.8305006,4.4928226,-1.7615553,4.6494646,4.7792253,0.0,1.0,0.0,1.0,0.0,1.0,0.0,1.0,0.0,1.0,0.0,1.0,0.0,1.0,1
5.0670953,4.6604924,5.187918,-2.0896664,4.6446652,5.0337543,0.0,1.0,1.0,0.0,1.0,0.0,1.0,0.0,0.0,1.0,0.0,1.0,0.0,1.0,1
3.9277318,4.756379,4.082858,-1.6048083,4.644495,4.1947923,0.0,1.0,0.0,1.0,0.0,1.0,0.0,1.0,0.0,1.0,0.0,1.0,0.0,1.0,1
4.7740526,4.701851,5.6460524,-1.0497811,4.6377454,-3.8701358,0.0,1.0,0.0,1.0,1.0,0.0,0.0,1.0,0.0,1.0,1.0,0.0,0.0,1.0,1
4.769483,4.8340764,5.4512763,-2.1312737,4.6444545,5.0282216,0.0,1.0,1.0,0.0,1.0,0.0,0.0,1.0,0.0,1.0,0.0,1.0,0.0,1.0,1
3.8486059,4.7037086,4.2529836,-1.6955571,4.633391,4.4509296,0.0,1.0,0.0,1.0,1.0,0.0,0.0,1.0,0.0,1.0,0.0,1.0,0.0,1.0,1
4.863512,4.609517,4.7272286,-1.8482401,4.6665964,4.871087,1.0,0.0,0.0,1.0,0.0,1.0,0.0,1.0,0.0,1.0,1.0,0.0,0.0,1.0,1
