RevolvingUtilizationOfUnsecuredLines,age,NumberOfTime30-59DaysPastDueNotWorse,DebtRatio,MonthlyIncome,NumberOfOpenCreditLinesAndLoans,NumberOfTimes90DaysLate,NumberRealEstateLoansOrLines,NumberOfTime60-89DaysPastDueNotWorse,NumberOfDependents,prediction
-0.1394578,0.26030627,0.30011374,0.00041336822,0.27537045,0.3748288,0.2862551,0.25022995,0.124872066,0.5000936,1
-0.11506426,0.3150221,0.00048538687,0.00023661446,0.07799959,0.29162577,0.20011981,5.841581e-05,0.25014475,0.24985738,1
-0.11491983,0.43834168,0.49902186,0.00015152199,0.07012593,0.2916737,0.035345025,0.24967426,0.23232737,0.00018971751,1
-0.07941324,0.23287712,0.20009734,0.00057858776,0.07140546,0.3333786,0.030985596,0.00016053615,0.12065107,0.99982435,1
-0.10569395,0.6575359,0.20011067,0.00032627425,0.060543966,0.416875,0.15092997,0.00019949606,0.23797968,-0.00015806773,1
-0.13195345,0.28788882,0.10000946,0.00025271747,0.12579782,0.12489219,0.30087924,-9.328732e-05,0.12512763,0.4999818,1
-0.23098287,0.54810685,0.9999183,0.0052429433,0.060671758,0.45827278,0.096448295,0.7502146,0.610275,0.25007042,1
-0.039154783,-0.09177965,-0.062388208,-0.29229888,0.3379671,0.33185616,0.15829758,0.49675775,-0.1064401,0.5089001,1
-0.10392059,0.46763536,-0.062171202,0.072930954,0.26102304,0.55092484,0.29454663,0.92954445,-0.033012953,-0.07420425,1
-0.09300792,0.9313399,0.100018725,0.00054230343,0.050353818,0.37493998,0.24957497,-0.00013027989,0.1077851,6.824342e-05,1
-0.17387092,0.19152272,0.39988887,0.00035605254,0.08842732,0.4165128,0.2728788,0.00013789644,0.24998327,0.49995413,1
-0.15795545,0.5202434,0.59950936,0.004610956,0.040566053,0.6665441,0.13982274,0.25000682,0.2500189,0.24997194,1
-0.0986701,0.3288308,0.3996643,0.00033943995,0.075256675,0.29191408,0.14718148,7.1242495e-05,-0.04310688,0.5003676,1
-0.12835962,0.20553404,0.20033279,0.0002727434,0.05471628,0.16678025,0.19951667,0.00013542878,0.12482883,0.49994412,1
-0.115464106,0.5752486,0.60010386,-0.00039501282,0.07614655,0.3333982,0.1099962,0.4997753,0.055035196,0.25002626,1
-0.13372089,0.424725,0.0001736317,0.000156675,0.13531964,0.083316274,0.40012154,-0.0001749515,0.12507792,0.2498883,1
-0.12946184,0.35605466,0.10006179,0.00022364533,0.07546714,0.20831397,0.399904,-0.00015672488,-0.000103703256,0.24988806,1
-0.13326609,0.54791725,0.29998764,0.0006316527,0.036186114,0.291583,0.2999392,0.50003016,-5.703695e-05,-5.198959e-06,1
-0.11142662,0.31491518,0.19990194,0.00059711846,0.16190521,0.24989364,0.14607196,1.8211482e-05,0.23443893,0.25049287,1
-0.15421987,0.26022935,0.20010495,0.00051850395,0.056935366,0.20839746,0.29975256,0.25006905,0.12495042,0.49990427,1
-0.098176844,0.46570787,0.2000207,0.00035080392,0.05562665,0.20842163,0.1707441,-5.429396e-05,0.12337125,-9.768039e-05,1
-0.11411937,0.43852514,0.10003389,0.00022527637,0.099356905,0.1253222,0.29960358,0.24999198,1.7521224e-05,0.5000282,1
-0.12521912,0.21910387,0.60006464,0.005995638,0.06096475,0.33338156,0.112630635,0.24992535,0.07648621,0.2497112,1
-0.10806286,0.19161797,0.29973397,0.000100923,0.12040238,0.208307,0.15196495,0.0003822021,0.10998525,0.25006032,1
-0.09951718,0.068354174,-5.98247e-05,-6.933074e-05,0.10327311,0.12531896,0.14648773,5.577255e-05,0.25016677,0.24983725,1
-0.1136098,0.36969537,0.39987335,0.0010064567,0.05034346,0.20832792,0.05682416,0.75003797,0.12474894,0.000153683,1
-0.12819563,0.32887185,0.099893816,0.00088741997,0.092314616,0.12477638,0.40013495,7.4872587e-06,0.00015480563,0.24992172,1
-0.15062077,0.5206863,0.59958935,0.00032393006,0.2947294,0.2916094,0.3742674,0.49999237,2.7104732e-05,-0.00020762526,1
-0.13888998,0.23282795,0.09968176,0.0005137894,0.15079932,0.2502359,0.30058175,0.25016508,0.250002,0.00014573416,1
-0.11167869,0.3423408,0.29991642,0.000938256,0.050275803,0.33322808,-0.09987665,-6.177038e-05,0.45136985,0.74987245,1
-0.10590959,0.26023957,7.6129596e-05,-4.789765e-05,0.06404647,0.041613035,0.30011654,-0.00019985202,-0.00031276955,0.5003603,1
-0.12007472,0.3427479,0.0979019,0.00087681436,0.040247742,0.20859362,0.2251336,-0.00023166423,0.24974851,0.00011137825,1
-0.096680366,0.33558637,0.040128205,0.06843426,0.124354854,0.29823706,0.27824745,0.42724353,-0.03659481,0.17349549,1
-0.09423615,0.60266715,9.628282e-05,0.0003393323,0.033716455,0.12507989,0.3725609,-0.0004277807,-0.013528306,-0.00022455676,1
-0.08303912,0.28780386,0.30009794,0.0006407754,0.20311251,0.25027442,0.15061395,0.4998538,-0.009969035,0.49953842,1
-0.14218353,0.27434316,0.08839619,0.027360376,0.080979005,0.3752287,0.18947488,0.00024579177,0.49953094,0.2504053,1
-0.082384,0.31528926,0.39973822,0.0030260007,0.018514263,0.5835294,0.05075628,0.25046742,-0.00096048356,0.49981004,1
-0.08008385,0.27390662,0.19979286,0.0002298633,0.11329101,0.16666515,0.046180643,2.19114e-05,0.123715445,0.49974912,1
-0.16539092,0.106511824,0.00800612,0.00010513326,0.08041657,0.12500578,0.88098896,-8.6094486e-05,-3.600346e-05,-0.085086815,1
-0.123730846,0.28769165,6.66243e-05,-4.2196698e-05,0.1070245,0.16674343,0.29999,-1.3223755e-05,0.12486379,0.50000525,1
-0.098002166,0.52084255,0.099825926,0.00032616817,0.13434441,0.08344624,0.3001189,0.24989823,-0.00011140167,-0.00024629815,1
-0.07029903,0.34945196,0.23918761,0.07114517,0.2371094,0.75793374,0.094085656,0.9294113,-0.038535785,-0.07433554,1
-0.102903835,0.32869628,0.3000517,0.0014375342,0.100493304,0.5833776,-3.6314132e-06,1.0000049,0.1249949,0.25007692,1
-0.12381345,0.09586182,1.0166477e-05,0.00019629223,0.056957193,0.37523723,0.49990687,-3.6632206e-05,3.6253274e-05,-0.00014799865,1
-0.093276694,0.10967497,0.10028545,0.0002354001,0.040420864,0.20840013,0.2734175,5.397906e-05,-0.00012858724,-0.00015751897,1
-0.1160633,0.39712757,0.29973117,-0.00020586947,0.13013634,0.500025,0.22472005,0.25001112,0.06423009,0.4998548,1
-0.105394535,0.3424376,0.29993942,0.0005647006,0.14222926,0.4999732,0.09995035,0.4999631,0.12501296,0.25001693,1
-0.12920834,0.38356626,5.128298e-05,0.00012498688,0.26132992,0.08315106,0.30001307,0.24994975,0.24989069,0.24968305,1
-0.10971591,0.17802323,-5.075044e-05,-8.345826e-05,0.036329865,0.00011577548,0.3000724,0.00013998462,1.09182365e-05,0.5002543,1
-0.13562913,0.34246892,0.30006978,0.0007551441,0.0779811,0.4998868,-0.061283298,0.7500908,0.49994022,0.7502037,1
-0.18221772,0.3288655,1.0971067e-05,0.00020661585,0.08045236,0.25000125,0.60048795,5.9845224e-05,0.12454454,0.49968958,1
-0.09614924,0.2053307,0.099555306,0.0007267626,0.13689739,0.4164143,0.017220672,-0.00020711364,0.35636106,0.7498971,1
-0.12881829,0.26009747,0.29983243,0.0008913249,0.07231926,0.4167639,0.06607086,0.9999049,0.124866664,0.24983217,1
-0.08816115,0.26017866,0.5993809,0.00059564767,0.104703955,0.3751323,-0.0508379,0.49999282,0.12439287,0.0001365918,1
-0.075106055,0.41582167,0.14790452,0.06708629,0.13303733,0.5068968,0.10078581,0.4263757,0.09422628,0.17358203,1
-0.10428089,0.38358197,-0.00020224683,8.186174e-05,0.054505862,-0.00011367871,0.3000881,-4.963339e-05,-0.0003666137,0.49995127,1
-0.16777922,0.21955365,-7.279182e-05,0.00031466284,0.06659615,0.20813806,0.29938436,0.250124,0.37486872,0.5000615,1
-0.18538833,0.45225915,0.30046132,5.6513476e-05,0.12057522,0.24995436,0.5087153,0.00013711878,0.24343073,0.0015508196,1
-0.104625605,0.31499436,0.09995012,0.0005813092,0.10052773,0.41662034,0.19996338,0.24987464,0.125028,-8.315961e-05,1
-0.13443352,0.4521627,0.29964545,0.010474596,0.05949412,0.2083042,0.10898032,0.25028288,0.3741824,6.535194e-05,1
-0.18827377,0.123152584,-8.421886e-05,0.0005419417,0.13718674,0.58319485,0.7000781,0.4999819,0.12536757,0.00019603845,1
-0.14224175,0.16431224,0.100249074,0.0003974521,0.06010611,0.33331448,0.49980158,0.25011262,-5.4545555e-05,3.4433397e-06,1
-0.13965416,0.39734003,0.1998589,0.00017614619,0.14536202,0.12487621,0.29998672,0.24981958,0.12490133,0.24997282,1
-0.17858133,0.46572977,0.20002975,0.0009346586,0.091477275,0.49977654,0.29830426,0.75000507,0.25011975,8.6258195e-05,1
-0.10150348,0.534118,0.20011097,0.0006047717,0.16827866,0.54170203,0.19998363,0.24977782,0.12495559,-1.1433382e-05,1
-0.089359395,0.41098398,0.099934675,4.9394133e-05,0.064202264,0.25004545,0.1740915,-3.3988006e-05,0.12484947,-0.00013136561,1
-0.13117918,0.7532242,0.30001232,0.00020354896,0.123328246,0.58333194,0.28905457,-4.7387242e-05,0.12508428,-0.00012519018,1
-0.10126163,0.315032,0.69973344,0.0006867434,0.17518866,0.6667084,-0.046801437,0.24990153,0.24987791,0.00025555145,1
-0.09215382,0.3697473,0.10006976,0.00024407517,0.034297433,0.08305865,0.27437225,4.6479196e-05,0.0013307956,0.00013545738,1
-0.10478228,0.3833889,-8.4179934e-05,0.0004532649,0.07805397,0.41675797,0.29871237,0.49999574,-0.00013091827,-9.0855625e-05,1
-0.09188342,0.041037872,-5.503425e-06,-0.00015195966,0.03642366,0.0003052724,0.27517122,-0.00018547176,-0.00043537354,0.25024468,1
-0.25437003,0.5478325,0.2999872,0.00025558428,0.09642058,0.41672286,0.6000325,0.4998515,0.5000954,0.25027978,1
-0.07516232,0.32875478,0.20000221,0.00012480974,0.096528575,0.3333547,0.04928954,0.24986015,0.12500753,0.49994504,1
-0.122053996,0.24661663,4.5716282e-05,0.00010004241,0.052180964,0.083164595,0.29977724,-6.449725e-05,0.124941394,0.24998452,1
-0.13042425,0.46576804,0.7000181,0.0007886315,0.10499561,0.5833017,0.07873319,0.4999444,0.124654844,-0.00017036247,1
-0.102096945,0.13704273,0.19984432,-7.7324104e-05,0.052500505,0.12506668,0.25930834,-0.00041061224,0.0005910927,0.00019039909,1
-0.06494538,0.3838123,0.10003039,0.0005293245,0.041474864,0.16687573,0.05994379,0.24999873,0.12493922,0.25012356,1
-0.08801176,0.2329064,0.30009082,0.0009951915,0.060481153,0.29157358,0.03889246,0.24984758,0.10249221,0.5000799,1
-0.14448272,0.06837909,0.09834987,0.0023041498,0.050826557,0.20823169,0.18753497,-6.713352e-05,0.37499526,0.499919,1
-0.097236045,0.5343702,0.29997438,0.00038179546,0.13559186,0.20837237,0.054232635,0.2499188,0.2464598,1.7490835e-05,1
-0.11194388,0.109597646,0.00018230935,0.00015026418,0.064670235,0.20793504,0.29999405,2.024063e-05,-1.5683036e-05,0.750185,1
-0.0814847,0.31523678,-0.00015146022,8.120109e-05,0.33094892,0.5001845,0.19244343,0.9999095,-0.00020568856,-0.0002112476,1
-0.17468746,0.28768012,0.40008304,0.0004768687,0.11262629,0.29160172,0.26714864,0.24965023,0.24990475,0.50009304,1
-0.07397128,0.43819025,7.395122e-05,0.00014902982,0.11998824,0.12545171,0.054993235,0.25004163,0.2501688,0.7500977,1
-0.09844637,0.36977476,0.1999368,0.0004935652,0.07120548,0.3333538,0.1998572,0.24997152,-1.7264407e-05,0.25015178,1
-0.100518644,0.24656887,0.19988741,0.00033997928,0.116550066,0.5834071,0.20001394,0.25016806,2.293873e-05,0.24998456,1
-0.0899081,0.38378328,0.3000211,0.00022448687,0.13736737,0.37542388,0.16169178,5.7050085e-05,-0.014830886,0.74981016,1
-0.12130384,0.232951,0.09999224,0.00020992558,0.08452145,0.083329216,0.3000898,0.2499651,-9.553312e-05,0.4999712,1
-0.08620157,0.36990255,0.09988511,0.00049170473,0.046335716,0.3333472,0.048127342,-1.699217e-05,0.2497921,0.24980445,1
-0.09502929,0.35627025,0.100095846,-7.291279e-06,0.14233,0.24982277,0.30011117,-5.269285e-06,-9.021196e-05,-4.5675948e-05,1
-0.10629107,0.21924819,0.09986771,-4.1741732e-06,0.13061525,0.29153255,0.29991817,-0.0001229569,0.00014484148,0.2500426,1
-0.09133305,0.38373277,0.29985538,0.00010818415,0.07045929,0.16672397,0.15395664,-0.00018136404,-0.028205166,0.49991757,1
-0.10077988,0.08209999,0.00011638033,0.0003962029,0.060177404,0.12503046,0.29983577,-7.171347e-05,-2.828276e-05,0.24989143,1
-0.12537433,0.41130477,-3.224326e-06,-9.251296e-05,0.087041885,-1.8773731e-05,0.39982295,-7.548049e-05,4.7432433e-05,0.74987286,1
-0.09545836,0.3420119,0.09999292,0.00060312706,0.030122323,0.16679047,0.19981019,-3.878069e-05,-0.00034289295,0.7502372,1
-0.13983764,0.43828568,0.19998361,0.0005306744,0.11728446,0.33324382,0.29997376,0.49988076,0.124916084,2.536926e-05,1
-0.097589836,0.34250543,0.30006695,0.0006293668,0.04036109,0.37514663,-0.054469608,0.24989663,0.375195,-0.00020871694,1
-0.09657294,0.20556344,0.099868625,0.00031493788,0.096531816,0.20847723,0.19974788,0.2498065,-7.2150826e-05,0.7497808,1
-0.15100138,0.41088054,0.09989661,0.0002472052,0.1750757,0.6248732,0.23406033,0.49999288,0.3748392,9.774694e-05,1
-0.081845015,0.3973765,0.100316934,0.0004545181,0.1188704,0.417171,0.048678365,-0.00015929589,0.24912208,0.49976525,1
-0.10046948,0.34251606,0.09992302,0.000110824156,0.09892705,0.41664058,0.09997815,0.25000262,0.24997313,0.2500028,1
-0.092639625,0.15037055,0.09981128,0.00018139568,0.04393525,0.20817009,0.032105103,8.436492e-05,0.23287249,0.99982744,1
-0.08988646,0.15061307,0.19995877,3.42649e-05,0.06872779,0.08323354,0.15775338,-0.0001299353,-0.020221513,0.7500878,1
-0.0652804,0.21202086,0.043272387,0.06955153,0.21913265,0.3412182,0.09389101,0.67824715,0.08603334,0.33108032,1
-0.1749565,0.09587613,0.09991797,0.000327105,0.08019268,0.33334672,0.5998071,0.24987912,0.12518863,-0.00016345957,1
-0.15709154,0.3152693,0.10020706,0.0005522633,0.092120014,0.29161108,0.5996194,0.2502264,-6.3663625e-05,-8.54958e-05,1
-0.12996691,0.3695067,0.099864304,0.00030603816,0.10438618,0.2915248,0.0057456135,0.00027429152,0.5846512,0.74980134,1
-0.13051338,0.27365866,7.26946e-05,0.00011220285,0.067776784,0.0833471,0.40013963,-0.00012859431,-6.8100606e-05,1.000046,1
-0.097618304,0.095842086,0.19994016,0.0009085741,0.066311486,0.33315572,0.082299225,0.50019556,0.12516718,-9.609729e-05,1
-0.15007804,0.5207549,0.00010612814,-0.000116940835,0.067017466,-0.00014450176,0.49957043,2.2444836e-05,0.12441708,6.7061555e-06,1
-0.1654301,0.5618799,0.8000823,0.00049822073,0.05617697,0.541237,0.06082466,0.24981385,0.37304953,-0.000120108816,1
-0.10868615,0.451837,0.19967952,0.00021497253,0.1237466,0.20816955,0.341349,-0.000108049244,-0.057919104,0.7499145,1
-0.19426109,0.24669115,0.20004189,0.0003795884,0.13902794,0.24996483,0.3000024,0.9999643,0.24999166,3.2094245e-05,1
-0.12243555,0.31530637,-0.00012809008,0.00026922987,0.11960727,0.37489942,0.29937714,0.00011808796,0.12489106,0.74971926,1
-0.093182415,0.19196521,0.09977978,-0.00018065875,0.07873958,0.16664018,0.2000137,0.00019680601,-0.00017995582,0.49996117,1
-0.11858502,0.3562327,0.100061126,0.00040184823,0.0845439,0.37513095,0.3002587,0.49989438,-8.3615116e-05,0.7501009,1
-0.13314186,0.08211152,0.09994359,0.0002537684,0.11070682,0.20820244,0.39994615,0.24991469,-0.0002557397,0.25006035,1
-0.14459914,0.3013847,0.09997656,0.0004879517,0.05087878,0.1667055,0.39996088,0.49994764,-0.00012221863,0.49992597,1
-0.2055442,0.7943699,0.4000823,0.00023229513,0.110069714,0.37518173,0.38229284,0.500143,0.3750541,0.24997106,1
-0.09135441,0.34219766,0.0998414,0.00033711392,0.10723637,0.16667245,0.16822055,-9.586819e-05,0.124400504,0.2500248,1
-0.12048212,0.5204511,0.099420525,0.0005781991,0.022328395,-0.000104563034,0.31652924,0.00052668946,0.04843279,0.49999282,1
-0.12463949,0.15091167,2.8578812e-05,0.00018610453,0.08156485,0.04174176,0.19966698,0.00034445038,0.2500867,0.49995017,1
-0.17200272,0.31501314,0.49997422,0.00061830616,0.057773553,0.3750569,0.2000116,0.4999692,0.2497834,0.25015524,1
-0.0884349,0.50698334,0.20012374,0.00022622924,0.16758044,0.20826715,0.034736257,-0.0001448676,0.23551737,0.7499445,1
-0.1426145,0.36988673,0.100035,7.402869e-05,0.2855034,0.16652225,0.27886507,-0.00028480985,0.2502227,0.74990976,1
-0.09649676,0.4245617,0.39999008,0.0006388308,0.32966802,0.3749489,0.13881308,0.4999922,0.11635302,0.2500874,1
-0.15243821,0.45185852,0.09996165,0.00040660135,0.072177425,0.20829724,0.4000191,0.2500338,0.12489357,0.25010008,1
-0.10131858,0.30160445,0.099876314,-0.00010117004,0.13412218,0.24970612,0.14713046,-0.00022069311,0.24916151,-6.459975e-05,1
-0.114903904,0.13697724,0.099916466,0.00038695958,0.12142159,0.20838295,0.09995922,0.24992199,0.2500203,0.49995828,1
-0.11541671,0.31499583,0.39986563,0.00018488345,0.09638174,0.3333447,0.13397443,0.2499863,0.07376772,1.0001414,1
-0.14272632,0.35853764,0.013563889,0.5265023,0.000119342236,0.20873123,0.3887007,5.944021e-07,0.624994,0.0006225718,1
-0.14256585,0.369817,0.09986731,0.0005461653,0.023178352,0.25000435,0.07567276,0.00011878507,0.4999339,0.5001267,1
-0.2172177,0.30127487,0.30003044,0.00025706063,0.04846607,0.24996632,0.60011196,0.00019288006,0.12512791,0.4998757,1
-0.12378516,0.34225526,0.30011103,0.00036325777,0.08057987,0.12499401,0.1341771,-8.673056e-06,0.25063598,-0.00030730752,1
-0.098638214,0.28787228,0.69998914,0.0008858528,0.058722183,0.3750494,-0.058600247,0.24985373,0.10805838,0.2500094,1
-0.09332329,0.32843176,0.20014228,0.00030387045,0.06429694,0.12480082,0.013319746,0.24945915,0.21427236,0.7501754,1
-0.07589042,0.27391082,0.19989729,0.00043105255,0.082395226,0.41666436,0.031926345,-6.4533444e-05,0.12546882,0.7501459,1
-0.11266898,0.38360792,0.10001141,0.0006879403,0.072006136,0.12491254,0.2998928,0.24993743,-2.785544e-05,0.250019,1
-0.076862484,0.29976827,0.13942641,-0.09563126,0.13658676,0.003856665,0.08707161,0.42160067,0.08123577,-0.07528386,1
-0.09006055,0.27377397,0.5000728,0.0010308077,0.060772162,0.4166452,0.045834955,0.5002275,-0.00014572305,0.7502435,1
-0.09503448,0.35650238,0.69990754,0.00048090183,0.085445285,0.4167585,0.051439237,0.25002775,-0.011675405,-0.00022141541,1
-0.15173195,0.24659549,0.10000702,6.3046056e-05,0.04666789,0.1667066,0.49991915,8.893774e-06,-0.00029093138,0.2499893,1
-0.1054257,0.20552787,0.2999054,0.0004101228,0.06216462,0.2082836,0.24458633,-0.00012774717,0.0007518154,0.00015150118,1
-0.12984724,0.42456448,0.3000093,0.00055886304,0.14063762,0.2915761,0.31654516,2.3630437e-05,0.04196752,0.500199,1
-0.12523977,0.27377412,0.40015867,0.00077832316,0.056308765,0.58331937,0.039551478,0.7496523,0.12499833,0.5000428,1
-0.07486112,0.083781205,-0.053896178,0.063202985,0.13573393,0.26112416,0.27700126,0.18112825,-0.042337347,0.17460205,1
-0.12830605,0.1369007,0.40004256,-0.001406337,0.110289566,0.25001004,0.008256341,6.753688e-05,0.346868,0.5001153,1
-0.1850276,0.16449215,-0.00012417408,0.0005458607,0.027537754,0.20818964,0.39791712,-0.0002318178,0.37464008,0.49975118,1
-0.111691654,0.041132797,0.09977906,1.7739876e-05,0.071443364,0.08317754,0.22762503,7.243752e-05,0.125154,0.2503641,1
-0.085360736,0.31528595,0.20006111,0.00081131316,0.088056326,0.12509558,0.17516646,-0.00015549497,0.00036334118,0.24975146,1
-0.08173806,0.17817229,0.20013024,-8.1075355e-05,0.092097364,0.20837088,0.035717268,-2.1760483e-05,0.1150316,0.7499984,1
-0.18297364,0.43861637,0.9992421,0.0005257886,0.0707136,0.29144433,0.16228294,0.00010571249,0.1257962,-1.1735538e-05,1
-0.09845333,0.24660337,0.79981464,0.00087885576,0.18440847,0.624879,-0.07089504,0.7499364,0.120015375,0.25035542,1
-0.1081905,0.17807953,-3.1590916e-06,8.467391e-05,0.11363098,0.04141142,0.19998568,-4.731308e-06,0.12501656,0.7501548,1
-0.10032469,0.42468524,0.30004004,7.469926e-05,0.14856288,0.12497216,0.2465242,0.00012164442,-0.040616576,0.24996117,1
-0.15304425,0.26034644,0.19993924,1.9069696e-05,0.12859528,0.4166428,0.4000194,2.4164103e-05,0.12493866,0.24999207,1
-0.14238006,0.16436422,0.09979721,0.0005675766,0.062351134,0.62496406,0.3001356,0.24973811,0.12484327,0.49999484,1
-0.11424822,0.4244598,0.5000139,0.00038959566,0.29209706,0.87502813,0.109894626,0.49987507,0.20907402,0.49977884,1
-0.08607691,0.27380827,-0.0004334079,0.00034946494,0.03448873,0.083199546,0.055496983,-4.5552966e-05,0.24906461,0.500094,1
-0.13354695,0.34246296,0.60002136,0.012041144,0.078109525,0.45826808,-0.0051830104,0.25002027,0.29907358,0.7498103,1
-0.11473939,0.35604778,0.10003104,0.0003753635,0.100646,0.24999994,0.30018124,0.2497304,-8.198427e-06,0.5000477,1
-0.1692542,0.54795915,0.39988732,0.00020997945,0.29322094,0.2500515,0.47169858,0.2503717,0.125123,8.18622e-05,1
-0.08766924,0.28756958,0.1000258,0.00054904114,0.069468886,0.3750464,0.19992588,0.25008622,6.658288e-06,8.473541e-05,1
-0.121423736,0.35616893,0.2001287,0.00028378406,0.0443796,0.33341464,0.29994565,0.0001262716,-0.00016032477,0.24987528,1
-0.18228391,0.6300636,0.2999753,0.0011985551,0.08452208,0.50000626,0.40019733,0.749987,0.12486569,1.7750515e-05,1
-0.10946627,0.08180939,0.39819968,0.00056794967,0.030279528,0.45852283,0.2394113,0.0002147363,-0.031252354,0.0002878824,1
-0.12932007,0.2739993,-0.03959024,0.016353413,0.0603579,0.2914203,0.08523833,-0.000120798766,0.74982053,0.2492796,1
-0.10782992,0.27380973,-0.00036502886,-1.8619172e-05,0.07421065,0.041586794,0.20002648,-4.095927e-05,0.1248477,0.7502297,1
-0.10080637,0.3561049,0.5001159,0.00053381827,0.067297824,0.49988186,0.0443665,0.24967,0.108420976,0.2501307,1
-0.10793226,0.49312878,-2.2141277e-05,0.00022762603,0.05871125,0.25000796,0.39998493,0.00029617557,0.0001662214,0.00023086055,1
-0.14717032,0.5343249,0.19991411,0.0003980849,0.08753062,0.66662955,0.49995238,0.2501578,3.2145334e-05,0.00010528429,1
-0.1136025,0.356358,0.20006411,0.00028227322,0.15948738,0.45793617,0.011055754,0.50006056,0.49837428,-4.9419847e-05,1
-0.10450252,0.17820305,0.19985692,0.0011482452,0.00787008,0.12495767,0.035703402,0.00015840205,0.24971187,0.25000346,1
-0.13217893,0.3286742,0.099872835,-1.9169223e-05,0.113690645,0.124959596,0.3005108,0.00020644229,0.12507512,0.4998793,1
-0.21475421,0.123351865,0.19978075,0.00055738096,0.06625917,0.4584055,0.4997818,-0.00018485032,0.24976712,1.0002283,1
-0.0801092,0.42463413,0.09981775,0.00021390083,0.17888169,0.29155743,0.062261384,0.2500118,0.2501664,0.7500416,1
-0.13791189,0.3013772,0.39995676,0.00043921926,0.08833401,0.6248084,0.28369567,-0.00038423197,3.58056e-05,0.49994043,1
-0.08507416,0.2743618,0.49939957,0.0002331844,0.11067649,0.58337307,0.037084784,0.5001494,-0.006601488,0.49981254,1
-0.3027293,0.43843707,0.19982658,0.00053057977,0.10041844,0.37497634,0.79990435,0.50020874,0.500021,0.99986553,1
-0.11253322,0.5341003,0.5001711,0.0011558566,0.08417212,0.24980216,0.039341256,0.50007224,0.22041026,2.3381494e-05,1
-0.08914043,0.26026455,0.09939814,0.00015633323,0.070308685,0.20843284,0.034259636,0.00024921505,0.23883864,1.0002367,1
-0.09641466,0.53424805,0.4993628,0.0002900586,0.095281854,0.5830054,0.047239054,-6.4304855e-05,0.12565178,8.8781846e-05,1
-0.12001138,0.24653086,-0.000101916645,0.00019436167,0.1044125,0.41667506,0.49971122,-0.00011293275,0.0002670096,-4.244421e-05,1
-0.1306971,0.15063033,0.30000362,0.0008873621,0.05795582,0.5001703,0.30000624,0.24992648,5.346943e-05,0.0001416851,1
-0.10331421,0.27381077,0.10021356,0.00028415959,0.11487449,0.29158294,0.1508553,0.24974759,0.24928285,-0.00015298487,1
-0.075720586,0.38352025,0.19983186,0.0003006554,0.14420053,0.25007358,0.057412006,0.25004187,0.12499022,0.7497916,1
-0.07628567,0.2365627,0.30800217,0.072000645,0.16781978,0.7884186,0.08526402,0.67849714,-0.046738274,0.17510082,1
-0.12558395,0.50724465,0.3995121,-0.0007918281,0.1363724,0.4997735,0.014616183,0.24973828,0.50046587,-0.00014756744,1
-0.12861644,-1.6177077,-1.4634547,-2.1781843,2.188365,2.7162273,1.4993628,2.9150217,-1.2796317,2.1222289,1
-0.10546984,0.5070494,0.4000261,5.9591723e-05,0.09027856,0.37536532,0.033103384,0.24987799,0.2142977,0.24983846,1
-0.09325142,0.06835139,0.09956767,0.0002856227,0.08067438,0.5831354,0.0340902,-0.0002501551,0.6248207,-0.00043734838,1
-0.17147554,0.46580884,0.20009016,7.778676e-05,0.032212622,0.16640693,0.5989752,-0.00012882779,-0.00030888364,-4.2877447e-05,1
-0.13463537,0.39753205,0.19976155,0.0013211536,0.2179463,0.33321455,0.1862278,0.49995834,0.29072726,0.7499623,1
-0.13408324,0.19186251,0.29979068,0.00048337338,0.034471918,0.24996081,0.30036464,-0.00040139345,-1.2766792e-05,0.25000012,1
-0.17670532,0.28761232,0.09980433,0.00059552817,0.036159195,0.24988645,0.6990459,-1.5368867e-05,-5.679624e-05,0.00014837654,1
-0.144407,0.35606173,0.20009585,-5.546557e-06,0.102757655,0.083260216,0.3959198,0.2497344,0.00024033134,0.5001244,1
-0.14155462,0.3974439,0.5997144,0.024545144,0.22012551,0.3335107,0.19708487,0.24990475,0.15379763,0.99990976,1
-0.07557426,0.281509,-0.055768024,0.06713379,0.13754891,0.42159283,0.18933484,0.33431008,0.08207928,0.17328985,1
-0.11950687,0.12319079,0.09958684,0.00032068463,0.10830411,0.16642451,0.22532435,6.142042e-05,0.24975415,0.00018739139,1
-0.09953729,0.26040524,0.19979227,0.00039901468,0.076229826,0.2920219,0.048195418,3.137802e-05,0.24996139,0.25004995,1
-0.10190495,0.56152874,0.10022742,0.00084823096,0.096189916,0.20822468,0.19047038,0.49983165,0.12507898,0.4999096,1
-0.07814382,0.4161592,-0.053424902,0.06680088,0.09829441,0.3394583,0.10597117,0.42982578,0.21478474,0.4231431,1
-0.14285283,0.20557922,0.19992685,0.00017605445,0.07979192,0.29183838,0.28292984,3.652792e-05,0.1251262,0.49985307,1
-0.09318501,0.3835257,-0.00029288113,0.000252242,0.092296235,0.083148256,0.14704962,0.24997535,0.248717,-0.00023864163,1
-0.091865145,0.36879078,-0.061852004,0.06407845,0.15245502,0.2892715,0.27048683,0.3358665,0.07722159,-0.07726208,1
-0.15594444,0.27404577,0.099859186,0.0007786937,0.084420875,0.37492606,0.37364537,0.25015613,0.12493908,0.75019896,1
-0.12419137,0.32896194,0.40006244,0.0016469155,0.0405939,0.6251203,0.09625245,0.5000935,0.12459637,-6.150438e-05,1
-0.14962517,0.21931067,0.20006461,0.00019025404,0.15243977,0.20833166,0.20004448,0.2500991,0.24976726,0.7501429,1
-0.10715613,0.5475569,0.20031251,0.00012601804,0.12409667,0.20813288,0.29994068,0.25017598,5.33376e-05,-0.00017703607,1
-0.09848904,0.6036959,0.041028626,0.07073607,0.072595924,0.13387279,0.11638205,0.680423,0.21836005,0.57823604,1
-0.08252243,0.3313265,0.24060005,0.06683507,0.17768627,0.7459647,0.09380344,0.59044445,0.08408793,-0.07506701,1
-0.11595688,0.42448816,0.2996407,0.0018299276,0.1364765,0.2501684,0.22404373,0.25004274,0.058377434,0.49987674,1
-0.12646045,0.19152178,0.20009553,0.0007527223,0.03192938,0.45848984,0.19986004,-0.00011220282,0.125256,0.50000644,1
-0.07715131,0.52653164,0.10513348,0.07328727,0.20380017,0.131505,0.17751558,0.5875467,0.0769992,-0.076448835,1
-0.12359509,0.50705296,0.48819652,0.00012915305,0.115614414,0.5414979,0.107621916,1.537156e-05,0.2002192,0.25004727,1
-0.14806284,0.5204107,0.00013187871,0.00010573164,0.03618496,0.12488333,0.27203822,0.250236,0.3750641,-0.000373569,1
-0.1511947,0.3428221,0.19993317,2.20096e-06,0.19587247,0.2917629,0.47664887,0.0002626515,-0.0010061542,0.7501298,1
-0.11326197,0.19160391,0.19993919,0.00061130506,0.058028262,0.20831893,0.06774366,0.5001018,0.2499039,0.00021079628,1
-0.17684959,0.32893065,0.19975154,0.00027391582,0.11058755,0.16658518,0.26333895,0.00012218903,0.374897,0.74978507,1
-0.073242724,0.35624316,-1.5076264e-05,0.0002667151,0.075533375,0.16665535,0.055679757,0.24990964,0.24924017,0.24980868,1
-0.12296484,0.2328665,0.09995374,0.00012579162,0.06020722,0.20858146,0.4000038,-0.00010119297,0.00010492954,-0.00011352961,1
-0.083734766,0.20541273,0.50004894,0.0008629188,0.055705134,0.37495086,-0.060306586,0.24979503,0.112288006,0.7498821,1
-0.11362838,0.1096761,-0.0006496807,-9.66995e-05,0.10485567,0.12491711,0.22361085,0.00027386134,0.24986841,0.25025225,1
-0.11686924,0.35322836,-0.06622097,-0.10058971,0.1577777,0.0028043636,0.2735464,0.33045962,0.07912511,0.5825611,1
-0.13579516,-8.118876e-05,0.20000617,0.0043091825,0.018040359,0.29167825,0.19998065,0.499949,0.12493637,-5.1891762e-05,1
-0.18420196,0.35600582,0.6002901,0.00030210352,0.11215927,0.45834175,0.4004772,0.24961802,0.12498507,-0.00018143607,1
-0.1558393,0.19178453,0.20017014,-8.7265675e-05,0.7538314,0.20815998,0.17460881,8.418369e-05,0.37496984,0.24993055,1
-0.1461486,0.13704778,0.30012506,0.00067701546,0.05356102,0.45847967,0.39967218,0.2499958,-0.0002352311,0.00017444306,1
-0.14224151,0.5070569,0.20000418,0.0006030978,0.050443336,0.29168496,0.2819262,0.25020477,0.12526174,0.50003386,1
-0.120080195,0.12332921,0.50008583,0.0012814942,0.08041436,0.5416175,-3.0152805e-05,0.75009596,0.12503959,-1.4305379e-05,1
-0.1360616,0.3287791,0.099978924,0.00019271311,0.11645686,0.49999648,0.19998907,0.5000775,0.24982052,-3.3008284e-05,1
-0.2134877,0.16434158,0.600096,0.00015434956,0.90452224,0.4165526,0.4613476,0.5001263,0.12505291,0.00016741718,1
-0.14988618,0.054788437,0.00010642784,0.000253351,0.0631064,0.20824084,0.40016493,0.00021897307,0.124868,0.50018215,1
-0.09763848,0.17824778,0.19979338,0.00013808318,0.20101921,0.1666792,0.16124406,0.00019688017,0.12578683,0.24990332,1
-0.13098957,0.19178319,0.19988184,0.0003180153,0.10436889,0.29187226,0.29943773,0.2499048,8.312328e-05,0.7497017,1
-0.117643096,0.21914646,1.23783975e-05,0.00014392538,0.24116458,0.04158577,0.29988408,-2.5041634e-05,0.12492525,0.49979037,1
-0.0854264,0.41755185,0.045659073,0.060971547,0.14252785,0.20843273,0.18491666,0.33008376,0.086595505,0.1763709,1
-0.09911514,0.123463884,0.19998656,0.00022572328,0.060304828,0.24990068,0.25915575,-4.6415844e-05,-0.0004594124,-0.00019351635,1
-0.09445007,0.8104972,-0.45253047,0.4854542,-0.48287427,0.8018871,-0.115721375,1.2888143,0.76156276,-0.49168342,1
-0.08645725,0.56148744,0.09987534,0.00020448405,0.06322721,0.37528136,0.18126164,3.8949584e-05,0.12461805,-3.3967823e-05,1
-0.11852103,0.38359585,0.10023322,0.0009490954,0.06418003,0.04169214,0.3375865,-9.516654e-06,0.11616233,8.8345536e-05,1
-0.19877663,0.20547096,0.50007534,0.00050312653,0.17293581,0.20829852,0.500081,0.75001794,0.124666005,-7.8074256e-05,1
-0.13014764,0.1917785,4.1189578e-05,0.00026740623,0.118734464,0.33337417,0.19996999,0.49998912,0.24989437,0.25000167,1
-0.090255074,0.20544927,0.09958459,-2.8848051e-05,0.1606709,0.041660134,0.2920249,0.00015236011,-6.404473e-05,0.00034428725,1
-0.10519972,0.35617095,-8.932911e-06,0.00022154409,0.0658589,0.16669717,0.19996245,0.24997643,0.12499126,0.49997398,1
-0.10727856,0.26031542,0.2002102,0.0003437836,0.29268247,0.16677704,0.30011496,0.25003713,8.18901e-05,-0.00016770407,1
-0.1746411,0.32885903,0.29987487,0.000871397,0.07473812,0.45845425,-0.11007155,0.5000596,0.8748824,0.74998933,1
-0.08886963,0.16445106,0.09935193,0.0002422901,0.13947141,0.37484455,-0.06924537,-0.00038344183,0.49987754,0.49998596,1
-0.11246632,0.34236726,0.19993964,0.00087902293,0.062109545,0.24994169,0.2998995,-4.665703e-05,-6.942685e-05,2.0145304e-05,1
-0.07146806,0.6764152,-0.06258566,0.071605034,0.16446307,0.37403375,0.28193486,0.5890053,-0.039082136,-0.07579712,1
-0.086835235,0.36965632,0.20018172,0.00020102247,0.04029805,0.20834848,0.16387263,-0.0003484528,-0.012142327,0.7500851,1
-0.12194266,0.06853643,2.8694849e-05,-9.378062e-05,0.048360616,0.12496302,0.39997983,0.00012212673,0.0002068467,0.25002772,1
-0.06999033,0.5965452,0.041040413,-0.09131639,-0.032496896,0.13229315,0.17916682,0.424541,-0.04471336,-0.076611765,1
-0.10152372,0.31503963,5.8608566e-06,-0.00013638317,0.084522046,0.041430943,0.20004244,-2.886448e-05,0.12528604,0.5000293,1
-0.15215488,0.3972882,0.09986608,0.00039051718,0.12363767,0.2915946,0.40002483,0.4998766,0.1248739,0.24999592,1
-0.13746801,0.19180629,0.100260936,9.248683e-05,0.062315896,0.041707464,0.29865918,0.00028716895,0.12518942,0.4999567,1
-0.09449435,0.30125934,0.10028184,0.00060455455,0.05023015,0.24995393,0.19989027,0.24982329,1.7742808e-05,0.49992752,1
-0.16864443,0.34250712,0.39995554,0.00047811272,0.11024601,0.29157948,0.4008722,0.24998558,0.12525041,5.8438163e-05,1
-0.03729978,0.19787538,0.01181018,-0.28709623,0.32996053,0.7104615,0.06207476,0.7659919,-0.0029296328,-0.2372894,1
-0.16427213,0.3151456,0.2998637,0.00047875353,0.14056112,0.20815623,0.47372404,0.2502225,0.0003939249,0.50021,1
-0.1442314,0.3972636,0.2003677,0.00017255037,0.1766991,0.16662034,0.39996064,-9.2884e-05,0.12441348,-6.913637e-05,1
-0.172481,0.3153643,0.29989198,0.0005086251,0.08059574,0.29184332,0.07288687,0.4998592,0.4998616,0.7498533,1
-0.09955921,0.6712364,0.5999282,0.0006130996,0.05610851,0.2503685,0.12674609,0.24987918,-0.05700717,0.25012863,1
-0.1383147,0.30147976,0.40026447,0.00022492271,0.09466474,0.62492967,0.29951492,0.24990597,-1.5875368e-05,0.2501707,1
-0.120267354,0.12328388,9.970133e-05,5.02721e-05,0.082713544,0.16673063,0.29989415,-0.00014869665,0.124948256,0.25037196,1
-0.116874926,0.34254274,0.09986866,0.0006535351,0.07258818,0.083499774,0.19941865,0.2500143,0.12488285,0.74998367,1
-0.095312804,0.5615363,0.2998252,0.0003238645,0.11751316,0.25000927,0.20010644,0.24997656,-9.877138e-06,-0.00013475075,1
-0.090650186,0.45484793,0.046633005,0.068123646,0.08137654,0.21231987,0.18777092,0.42815453,0.086441755,-0.07752371,1
-0.15755841,0.15066998,3.3428427e-05,0.00069599063,0.15899286,0.16658136,0.49994847,0.24990816,0.1252238,0.24986593,1
-0.14747076,0.4249058,0.29986754,0.0006462219,0.091388136,0.3330972,0.2704946,0.5001632,0.12503739,1.0001891,1
-0.1883399,0.34229356,0.10013814,0.00071749,0.046845194,0.20811918,0.39997655,0.25001845,0.24995749,0.75007415,1
-0.21642768,0.16440473,0.19991472,0.00083676033,0.084641226,0.5416774,0.5998368,0.50019467,0.24987625,0.24991053,1
-0.081340924,0.3971483,0.30004674,0.00017785534,0.066356786,0.16660796,-0.06943382,-3.332708e-05,0.23676278,0.7500498,1
-0.16256414,0.3148293,2.4904097e-05,-0.00019133315,0.1046736,0.04180457,0.7000891,-3.791259e-05,-5.1470655e-05,-8.771218e-05,1
-0.12080794,0.424678,0.39995843,0.0014080446,0.064490445,0.54170465,0.0999921,0.49996263,0.12496674,-5.6452845e-06,1
-0.11900177,0.19195035,0.10023166,0.00014054112,0.09058801,0.25000772,0.19978131,5.0652307e-07,0.124893874,0.7499595,1
-0.06900248,0.41310412,0.33927792,-0.09518337,0.19314663,0.74728006,-0.008870837,0.6796032,0.082296886,-0.074816644,1
-0.08968811,0.3697738,0.099882565,8.387355e-05,0.14577389,0.08315935,0.2606041,0.00025178783,-0.018921189,0.50020766,1
-0.14095464,0.369901,0.19964409,0.02317591,0.10392912,0.37542015,-0.034480244,0.500427,0.74739236,0.24993007,1
-0.09816933,0.06857197,0.09959427,9.071815e-05,0.053711634,0.083402105,0.20005073,1.9539055e-05,1.199398e-05,0.50020516,1
-0.12816629,0.28760722,0.19997884,0.0007696525,0.067990564,0.4163255,0.12834299,0.25006622,0.37517506,-2.1046413e-05,1
-0.078590445,0.5483501,0.09997487,0.00065896515,0.07227404,0.2917386,0.06643444,0.25008318,0.24997966,0.0001639378,1
-0.108690254,0.6711858,0.1000084,0.00027980478,0.24798033,0.5835059,0.2999348,0.7498766,-2.6392918e-05,-9.54952e-05,1
-0.11794605,0.4794276,0.10013091,0.00018148054,0.19807433,0.20849192,0.29999217,-2.1687658e-05,0.12523721,0.24991527,1
-0.15178262,0.274011,0.09995478,0.00016760365,0.10620978,0.20831253,0.26511464,0.00025915483,0.24991083,1.0000359,1
-0.1946073,0.31508115,-7.566397e-05,0.000887567,0.07854857,0.20844959,0.60023934,0.25013784,0.12481303,0.75014913,1
-0.09005786,0.36974433,0.3000545,0.0005715343,0.105193295,0.33330435,0.17093626,0.00017099382,-0.008989212,0.2500249,1
-0.13866036,0.24680866,0.5001076,0.0010081304,0.100449406,0.54200256,0.07391055,0.499784,0.2500138,0.24992459,1
-0.11493643,0.3835093,0.2998071,0.00056014286,0.04225946,0.6249815,0.19997154,0.24995083,7.502788e-05,0.250007,1
-0.085666105,0.41086414,0.0001403299,-0.00012168044,0.09096947,0.08351743,0.2844022,7.475199e-05,-0.0015105278,0.24992889,1
-0.083555736,0.47903422,0.30000877,0.0010240721,0.029935095,0.16665763,0.054502763,0.25003666,0.12156501,4.3580963e-05,1
-0.13460228,0.19181068,0.19971961,-0.00083230203,0.07514018,0.20832714,0.21167555,0.00031926023,0.2491306,0.25014916,1
-0.12758537,0.78068733,0.1997545,0.00024262149,0.03985451,0.7499378,0.28493282,-8.401942e-05,0.12486661,0.24996614,1
-0.1067906,0.4519034,0.40012777,0.00065206276,0.1317019,0.70820504,0.085857704,0.5001091,0.1247428,0.24997358,1
-0.074944764,0.23296535,0.09995916,0.00012338304,0.09314816,0.2500546,0.053597406,-7.927604e-05,0.12487636,0.9999151,1
-0.118503824,0.17817129,8.155678e-05,0.00024007965,0.11452127,0.083051845,0.29998717,-3.1424173e-05,0.124998644,0.25010714,1
-0.09986297,0.6302933,0.09998592,0.00066663296,0.11390068,0.7499312,0.30001226,0.24988864,1.9334071e-05,8.068023e-05,1
-0.10889589,0.5345795,0.30007026,0.00033258484,0.29072863,0.37478685,0.23420168,-1.0890042e-05,0.085879646,0.75015134,1
-0.10005656,0.328622,0.29974243,0.0005353879,0.070012756,0.16660802,0.02994317,0.2500291,0.2488122,-6.259642e-05,1
-0.073485516,0.46898958,0.1438931,0.06821544,0.11215313,0.2880698,0.09611599,0.5866912,0.08969137,-0.07616106,1
-0.13065845,0.17806153,0.10002797,0.00022060226,0.10456991,0.041525375,0.39988545,0.00011793025,-0.00011645924,0.250094,1
-0.16648722,0.10502627,-0.089858614,0.0021242918,0.0943349,0.292003,0.8842698,4.8921065e-05,0.1250603,-0.09118874,1
-0.08318615,0.28785682,0.099750705,-5.1874144e-05,0.05221664,0.04168336,0.17271002,-4.0991043e-05,-0.001277351,0.9999641,1
-0.098643996,0.19172627,0.00015753962,9.8904944e-05,0.06390331,0.16674735,0.37618926,1.1280037e-05,-2.4232024e-05,-0.00029094133,1
-0.11206916,0.16437405,0.2001526,0.00031774043,0.09052723,0.20838906,0.20020777,0.24996328,-2.7698617e-05,0.7501481,1
-0.24452257,0.50701934,0.10014001,0.0007066582,0.024293335,0.41652244,0.89990705,4.0556173e-05,0.1251012,0.2501337,1
-0.16971532,0.4656428,0.09991174,0.00014101768,0.07234963,0.124995224,0.4999241,0.00024545804,0.12483775,0.24995334,1
-0.09845571,0.16462795,0.40013435,-1.8166567e-05,0.11858743,0.1250933,0.1636571,0.00026528526,-1.0648888e-05,0.00017565298,1
-0.09984304,0.76688564,0.599491,0.00010460535,0.05799887,0.8750851,0.026669297,-2.3795932e-05,0.112856545,-0.00018789872,1
-0.07260358,0.36973855,0.1998785,0.00042462288,0.05629847,0.20839015,0.057353623,0.24992788,0.12533931,-0.00021340624,1
-0.11459,0.16432458,0.10000488,0.00030688834,0.106149964,0.5000177,0.2999567,0.24994288,5.949544e-05,0.24999762,1
-0.08469142,0.49323025,0.40006152,0.00035635053,0.06713778,0.24988578,-0.06361623,0.2500416,0.23335853,0.25008082,1
-0.110473864,0.13703164,0.09940217,0.00039770378,0.06261426,0.29175794,0.03771583,-8.843451e-05,0.37489343,0.4999774,1
-0.10681165,0.17810503,0.09966744,0.000100901685,0.09932401,0.041518215,0.24954538,-0.00018028819,0.12504627,0.00018515167,1
-0.11221868,0.3564667,0.00018735544,0.00015106078,0.11006477,0.5416542,0.29984674,0.50005645,-3.835594e-05,0.49982944,1
-0.09581954,0.30876774,-0.05474025,0.06647471,0.15822583,0.54742527,0.09943017,0.42947415,0.33661684,0.17333914,1
-0.1452552,0.27410492,2.2574503e-05,0.00017240779,0.085451774,0.08358722,0.50022817,0.00023238477,-2.570912e-05,0.49979633,1
-0.08840202,0.684676,0.3998688,0.0005888409,0.07321225,0.12515801,0.16287361,0.24989572,-0.026928179,-1.0678785e-05,1
-0.09476403,0.10947307,0.10020564,-0.00019537499,0.050272565,0.08316027,0.27677703,-0.0001084834,-2.7596048e-05,0.00013822483,1
-0.083849534,0.3563329,0.5001877,0.00036539845,0.06271551,0.24997237,-0.064063236,0.00013623908,0.11113761,0.7499074,1
-0.19330281,0.49326375,0.5001535,0.006042634,0.26047248,0.20822448,0.5813067,0.749834,0.04020718,0.50015724,1
-0.09615082,0.08191522,0.29983857,0.00010261329,0.07246902,0.12485131,0.15924235,5.264781e-06,-0.011564398,0.24988095,1
-0.095926724,0.47942027,0.5999577,0.00090651144,0.15140656,0.24996312,-0.065556906,0.74988455,0.23409614,4.1456842e-05,1
-0.1215562,0.38333505,0.099975675,0.00034742817,0.045579262,0.2501802,0.40011394,-9.39877e-05,-0.0002525447,8.534256e-05,1
-0.15076458,0.16441132,0.09984573,0.025122728,0.09290434,0.74982536,0.19066195,0.19615951,0.6246866,0.00018703604,1
-0.14818041,0.52064854,0.100030564,0.0006042824,0.10012766,0.08338335,0.4865476,0.2498381,0.0005583124,0.5001166,1
-0.071411856,0.027480438,-0.00013986682,-5.5179436e-05,0.013818303,0.08353132,0.15614212,-1.1753073e-06,-0.010789917,0.7497778,1
-0.15208425,0.32877868,0.29969952,0.000688933,0.056416914,0.29186857,0.27524212,0.24980931,0.124912016,0.50004554,1
-0.18630578,0.5205463,0.29992497,0.000536297,0.22442639,0.29175788,0.49971625,0.24984847,0.2499457,-2.1261701e-05,1
-0.123325266,0.6575694,0.10005024,0.00048568528,0.15537146,0.4580428,0.40065104,0.5000438,-0.00021488118,0.24966252,1
-0.0960458,0.3972524,1.6656819e-05,8.261582e-05,0.07397758,0.16673568,0.29995918,-0.0003644855,-1.6279562e-05,0.24995406,1
-0.095009506,0.17812622,0.100018665,0.0005836383,0.06363802,0.1665816,0.099761225,0.24990407,0.1246583,0.50010645,1
-0.14002927,0.26015633,0.19986674,-2.6150425e-05,0.10404433,0.08367747,0.29995474,-6.9339614e-05,0.12513404,0.250127,1
-0.16678174,0.2604326,0.60003877,0.000541498,0.15550591,1.0000056,0.035948128,0.9999229,0.25005108,0.50012964,1
-0.16726924,0.096095294,0.29920417,-5.6393037e-06,0.12075157,0.4164739,0.39004308,0.00049790466,0.24881919,0.24985385,1
-0.08645041,0.38353306,-0.0004449046,-5.671742e-05,0.10029932,5.6911224e-05,0.2714193,-0.0001185748,-0.0062893657,0.74984556,1
-0.107542284,0.3149873,0.49997184,0.00026451657,0.114232995,0.8334136,0.015771609,0.24978554,0.25019133,9.4849056e-05,1
-0.14205138,0.21917513,0.1998909,0.00016489411,0.18084858,0.33337364,0.19997913,0.2500808,0.25007024,0.4998412,1
-0.0890203,0.31519046,0.10007669,0.00019719897,0.105469465,0.16682224,0.1736712,-3.1466363e-05,0.1252068,-8.679245e-05,1
-0.23126277,0.28775802,0.19994193,0.0011788285,0.03432177,0.4583062,0.6999931,9.347396e-05,0.12509112,0.75008875,1
-0.1024091,0.3149972,-4.5507913e-06,0.0005342015,0.098900914,0.2500096,0.19997007,0.24998567,0.12507878,0.4999047,1
-0.14769827,0.16447619,2.4827954e-05,0.00020863804,0.034328148,0.16698776,0.59997475,-0.0001661536,-0.00027476993,8.6262386e-05,1
-0.23487331,0.38333714,0.30025086,0.00081862195,0.09563211,0.54172766,0.60001385,0.74990964,0.25005868,0.49989945,1
-0.10054704,0.36989567,0.19986808,0.00010899655,0.124334745,0.1667596,0.20001188,0.24987926,-0.0002601096,0.49999776,1
-0.09793144,0.4930169,0.8999347,0.00067601906,0.031578925,0.29161948,-0.07024208,0.00047839334,-0.041309018,0.24983343,1
-0.08509696,0.45566425,0.045318358,0.06634207,0.11266362,0.37201115,0.09919124,0.43170542,0.2140519,0.1728856,1
-0.08677007,0.058419168,0.318559,-0.29230425,0.26837385,0.32527074,0.16994748,0.004900803,-0.15906794,0.013774094,1
-0.14025196,0.19183093,0.09987424,6.813358e-05,0.08044601,0.0833579,0.29994285,1.6190595e-05,0.1250579,0.49994862,1
-0.14298986,0.10985252,0.3564676,0.00041062548,0.052327726,0.2500212,0.317252,-0.00015715635,0.12467404,-0.039689116,1
-0.16431002,0.28729564,9.391422e-05,0.0038680548,0.11043246,0.08326168,0.49909237,-0.00012492851,0.24944218,0.24985111,1
-0.09348622,0.42481872,0.3999515,0.0011054496,0.06625317,0.25022653,0.03595849,0.24997976,0.0897222,0.49977645,1
-0.19282034,0.21910957,0.1997896,0.00027203758,0.112670064,0.24995896,0.29992253,0.2498143,0.37489724,0.74995977,1
-0.10844809,0.50687635,0.3998559,0.0006914715,0.14229156,0.33319315,0.078904696,0.75007594,0.12490104,0.24998042,1
-0.11633644,0.39755356,0.30007648,0.0005126238,0.2496989,0.70835537,-0.036878724,0.75018525,0.5001178,-6.754151e-05,1
-0.09981946,0.13708174,0.39992598,0.0009671892,0.05034368,0.50026166,0.060964223,0.49970835,-0.00031023574,0.4999754,1
-0.10853592,0.45202285,0.0997544,0.00021287301,0.036193646,0.29165035,0.29993445,0.00018955131,-0.00012547946,0.25009844,1
-0.1834065,0.3560707,-2.6923197e-05,0.00042410145,0.13387184,0.37478507,0.5998856,0.2501181,0.124914475,0.5000915,1
-0.10089254,0.3286615,0.2000702,3.4253673e-05,0.06009664,0.12501943,0.16433111,-0.00032529602,0.12459766,6.866983e-05,1
-0.0917198,0.38355646,0.4995854,0.0006802386,0.100358024,0.6666794,0.038670316,0.24994192,0.10534464,0.7500681,1
-0.10574798,0.2604982,0.09967644,-0.00012331708,0.06666483,0.20859584,0.035890702,0.00024763355,0.37509775,0.24973053,1
-0.15075786,0.19177815,-5.841929e-05,7.295548e-05,0.05025149,0.16662362,0.5000101,0.00010368334,1.04094e-05,0.5001813,1
-0.07897109,0.2928582,-0.054614738,0.06336852,0.123689905,-0.038969427,0.18525946,0.17167997,0.08820649,0.1748341,1
-0.09377137,0.3156101,0.09911835,0.0002264322,0.06935005,0.041576326,0.14572914,-6.8619265e-05,0.098865114,0.7500558,1
-0.11138924,0.23275375,0.3998019,-8.103493e-05,0.13306384,0.24958876,0.13789263,-0.00033474062,0.12481366,-2.5229156e-06,1
-0.0806529,0.19201818,0.19993693,0.0005400322,0.05647695,0.08355142,0.035012096,0.25001243,0.10694918,0.75011134,1
-0.08479432,0.38353398,0.10022314,0.00039316257,0.089864574,0.24996904,0.035522513,0.00014463293,0.24752764,0.4998326,1
-0.113183975,0.5069003,0.19990402,0.00044975284,0.123075485,0.79166013,0.19989838,0.25006804,0.1250774,0.24992862,1
-0.103083245,0.09592437,0.39991707,-0.00032220222,0.089620486,0.12483258,0.024859082,-0.00011656218,0.07963755,0.7501613,1
-0.12596397,0.32866672,0.09987419,0.00032044933,0.0827152,0.12498146,0.39986807,0.25008947,6.5328086e-06,0.00013551049,1
-0.117957786,0.30148524,0.20019689,0.0006326485,0.04475462,0.16644527,0.19998996,0.25000474,0.1247193,-0.00027422872,1
-0.21699545,0.63008606,0.29972067,0.004183791,0.012139679,0.16633011,0.6999707,0.25007582,0.12512352,-0.00025782356,1
-0.10628457,0.410878,0.39981225,0.0005438273,0.18197353,0.20814374,0.1302725,0.25018647,0.073464386,0.4997256,1
-0.112807825,0.3016145,0.19976936,0.0002679976,0.05394438,0.16659434,0.018395483,0.49992314,0.3749332,9.988109e-06,1
-0.07640444,0.13734092,0.40016642,0.0004708214,0.061328992,0.3335188,0.05891862,0.24996832,-0.00023976831,4.206672e-05,1
-0.13806914,0.26021254,-3.6546015e-05,-0.00012388323,0.105014175,0.041533083,0.5001096,8.524445e-05,-2.0487754e-05,0.25002345,1
-0.12590303,0.23308295,0.4000542,0.0018938987,0.085197374,0.37512845,-0.0031290876,0.00027255376,0.3151831,0.7501126,1
-0.16378655,0.328764,0.09881161,0.06631876,0.14895965,0.3332559,0.25778154,-0.0019006369,0.74984556,0.21932358,1
-0.12619396,0.5068481,0.50002426,0.00052889314,0.11035724,0.4166371,0.19992737,0.49997604,3.8311475e-05,-0.00018389299,1
-0.08742336,0.39792502,-0.05485079,0.06906272,0.118488654,0.3855765,0.29430154,0.4316314,-0.029026462,-0.07629017,1
-0.24869353,0.35618147,0.29990762,0.0005717922,0.2010909,0.20829333,0.49883896,0.25011766,0.50006473,1.0001012,1
-0.08033043,0.31522775,-5.6491313e-05,0.0002603443,0.074335404,0.08328247,0.16871871,0.2499101,0.124436736,-0.0001329665,1
-0.098361194,0.3012336,8.726522e-06,0.00016021839,0.07863068,0.041425895,0.26152995,-7.357681e-06,0.12456124,9.8129705e-05,1
-0.111275196,0.16440707,0.00049479527,-0.00011984271,0.058661006,0.041468717,0.44509876,-0.00015643626,-0.001256934,0.00015339945,1
-0.11173696,0.1917281,-0.00010332442,0.00025392624,0.05696315,0.04154153,0.29990074,0.2500763,-8.295501e-05,0.50010705,1
-0.107639916,0.24662331,0.09994103,0.00036414558,0.07095113,0.12487289,0.29992127,0.24991739,0.00015879943,-4.1511314e-05,1
-0.09236351,0.15062073,0.2993082,0.0004738022,0.04981952,0.29167372,0.043932524,0.00021182098,0.12346525,0.2500872,1
-0.113279045,0.42469332,0.09985423,0.00042776845,0.04350864,0.16660629,0.20005599,0.2501936,0.12508741,0.24995732,1
-0.081034884,0.34252483,0.39987457,0.0004274559,0.060942963,0.37523648,0.045940526,-8.500641e-05,-0.004327593,0.99982846,1
-0.114039354,0.6574476,0.39982072,0.00032183973,0.16731599,0.29140913,0.23743153,0.24963695,0.07408944,-0.00013537167,1
-0.10024905,0.13695869,-0.0004516879,0.0003547575,0.093042895,0.20835605,0.046533827,-2.880313e-05,0.37484935,0.5000884,1
-0.07553103,0.20583835,0.3998749,0.0010327952,0.040419575,0.37487522,-0.055367675,0.4999855,0.1238189,0.4999831,1
-0.123021185,0.30142236,0.4000265,0.000675375,0.28378436,0.62527317,0.006787266,0.49991766,0.5002527,0.25001028,1
-0.11237762,0.06845263,0.39959234,-3.8668804e-05,0.05857505,0.29171684,-0.08346076,0.00015500856,0.75008893,-8.0591635e-05,1
-0.104519315,0.13705651,0.20036955,3.3012475e-06,0.053004507,0.08327749,0.23162289,-2.7722795e-05,-0.054611098,0.750142,1
-0.10939333,0.09615059,0.2998129,0.0006812982,0.044503532,0.5831386,0.19972637,7.19392e-05,-5.6263205e-05,0.24989872,1
-0.14094636,0.383583,0.20008327,6.0517894e-05,0.19880559,0.166662,0.49887124,2.4553468e-05,0.00012131053,-9.8870725e-05,1
-0.12664099,0.28764665,0.2999251,0.00030565384,0.052104276,0.3750988,0.29987055,0.25003022,5.059096e-05,-0.00013857205,1
-0.11635072,0.30140495,0.10030233,0.0009727207,0.124494694,0.12518282,0.33655867,-0.0002750994,0.121899515,0.00021540411,1
-0.13774414,0.32852525,0.0999172,0.00039016767,0.073501416,0.12488523,0.37853092,0.25020513,5.5570326e-05,0.74992764,1
-0.2156605,0.20544729,0.3001766,0.00045021274,0.08357614,0.4585326,0.56880665,0.0001316419,0.2498188,0.25003633,1
-0.14859796,0.06839878,0.20019516,0.000110619585,0.08524152,0.12496571,0.39979458,5.6808098e-05,0.00020458485,0.49985754,1
-0.10493233,0.56177866,0.4000354,0.00019720686,0.100668356,0.2917637,0.047734898,0.2500703,0.23108236,0.00018593558,1
-0.09023473,0.39752886,0.19995067,0.0004160609,0.19615605,0.16707608,0.032516293,6.615965e-05,0.23408099,0.7499228,1
-0.112064496,0.30146596,-0.0004832429,0.000100078316,0.056212068,0.2082734,0.23416741,-7.955498e-05,0.24986805,0.00018991549,1
-0.13930553,0.16438012,0.2999519,0.00063545327,0.042492487,0.2917854,0.19996907,0.5000833,0.124972954,-0.00013625404,1
-0.12455272,0.34243184,0.10021917,0.00050200697,0.24392469,0.20831752,0.2888628,0.2501743,0.124760576,0.75018746,1
-0.14226381,0.13694684,-5.159449e-05,0.00023910028,0.19092372,0.4167052,0.49998248,0.25002113,7.853136e-05,0.49995384,1
-0.09871788,0.91762173,0.20089704,0.0010916158,0.05220879,0.41652793,0.23723519,0.00014738298,0.089164674,-2.1085827e-05,1
-0.17625749,0.27407855,-0.00024154922,0.0005773955,0.10880504,0.12505607,0.49989218,0.25019398,0.12514152,0.7502384,1
-0.1400002,0.1779923,0.20008625,0.00036653708,0.19100617,0.33329636,0.40001753,-0.000159629,-2.8713555e-05,0.50002444,1
-0.11419717,0.15045115,-0.0011131356,0.00035464426,0.03746734,0.12504585,0.22970222,-0.00016012666,0.2497726,0.00016886536,1
-0.10747289,0.123252444,-0.0007574794,0.00022739553,0.10381901,0.16668363,0.47318473,-0.0002572671,-0.015311346,2.9704323e-05,1
-0.1019983,0.16437504,0.40000945,0.00036033595,0.04799165,0.2500843,0.040619068,-0.00011747131,0.11538218,0.25025597,1
-0.07908194,0.24661136,0.20006172,0.00047897498,0.09537589,0.25000983,0.041932624,2.8314782e-05,0.12506506,0.49992806,1
-0.113782115,0.054863345,-0.00036409992,0.0006578695,0.02924834,0.1249757,0.4795958,-6.77356e-05,-0.0035382702,6.7733665e-05,1
-0.099543884,0.41061178,0.29998362,0.00027781603,0.13898525,0.041582245,0.20000227,0.24987854,-4.449638e-05,-0.000103033,1
-0.12859602,0.46560112,0.3997094,0.0057320753,0.049914718,0.7084326,-0.11025412,0.24988417,0.7499683,0.24999967,1
-0.20383522,0.26032215,0.50014645,0.0004836515,0.13381614,0.16675976,0.47727776,0.24982503,0.12498004,0.50007755,1
-0.032726504,1.5222106,-0.7183397,-1.2457662,-1.1920965,1.4142619,0.50101864,-0.36737695,-0.272461,1.1526055,1
-0.08656815,0.123368844,0.29962105,0.00027152937,0.09914644,0.29190683,-0.06270871,0.00012193487,0.24312143,0.74993706,1
-0.105621904,0.35609818,0.20005515,0.0002710246,0.16277437,0.37499994,0.08287545,0.5001103,0.25003523,0.5000126,1
-0.10579666,0.5342787,0.100013696,0.00041183192,0.036556363,0.2083152,0.1999648,0.25016415,0.1250383,6.736575e-05,1
-0.15152799,0.5481449,0.20012821,0.14412309,0.00016757063,0.041462053,0.50623304,1.0735801e-05,0.062246185,0.00021605549,1
-0.07429491,0.2875295,0.19971557,0.00040917064,0.15757869,0.12546381,0.041195307,0.25021914,0.12573577,0.75032383,1
-0.10619127,0.36999625,0.09958608,4.9917602e-05,0.06464024,0.08342258,0.22648996,-0.00023868246,0.07424905,0.7497959,1
-0.101181924,0.35606873,0.0001736157,5.5873606e-06,0.092164375,0.16666232,0.3000369,-0.00035015368,0.00018057728,0.49994728,1
-0.10768158,0.5343254,0.09993668,0.0012033761,0.036202636,0.50000757,0.20004576,0.24999633,0.1250817,7.967024e-05,1
-0.08365121,0.3836075,-8.642605e-06,6.315696e-05,0.10383418,0.12497807,0.1836408,-0.00019551087,0.124964125,0.24991147,1
-0.08408067,0.35644308,0.40007514,0.0006712405,0.07646273,0.4165643,-0.06809079,0.25004813,0.23617351,0.74996006,1
-0.09363215,0.21884987,0.100143656,0.0001778659,0.09050625,0.041864794,0.062251158,0.00030439234,0.24960601,0.25006655,1
-0.081000954,0.2601899,0.19998212,0.00051184476,0.16288795,0.33321828,-0.0525961,0.4999862,0.37490216,0.49989796,1
-0.11813558,0.06859274,0.10002603,0.000114172675,0.14063525,0.16679071,0.20015873,-8.383099e-05,0.12483018,0.74988186,1
-0.17169033,0.24676254,0.00022831639,0.00095772574,0.082483605,0.54146695,0.40017858,0.49986663,0.25000763,-7.995757e-05,1
-0.13901879,0.26018435,0.5995639,-0.0015703242,0.12403656,0.12499957,0.3171468,0.24993229,-0.044544283,-3.1077077e-05,1
-0.16013339,0.4520459,0.40002316,0.0006393033,0.13065873,0.45816085,0.13140352,0.49992436,0.37502816,0.49995238,1
-0.10287204,0.58909136,0.20015047,0.00035364815,0.13402797,0.41679484,0.20000783,0.24967898,0.12487519,-5.8253827e-05,1
-0.14766917,0.20635468,-0.08017318,-1.2665347e-05,0.061883256,0.12485463,0.7955724,9.859536e-06,-0.0006788714,-0.054995783,1
-0.11391894,0.4658282,0.19997004,9.0873495e-05,0.078088045,0.12485752,0.1466625,0.00015045478,0.24997307,-0.00025525028,1
-0.10330941,0.53448015,0.29958057,-3.6594916e-05,0.06251425,0.20847487,0.042316455,3.1220345e-05,0.2489227,-0.00015811721,1
-0.0967186,0.6438607,0.099896364,0.0005440161,0.102613464,0.6667301,0.19990787,0.24989963,0.124970555,-6.854792e-05,1
-0.14598037,0.19173004,0.20004448,0.000609128,0.08650362,0.20817022,0.30009124,0.24999638,0.12519751,0.2500952,1
-0.15789385,0.42471647,-0.00017916059,0.00015816526,0.27199277,0.33336866,0.47653767,-0.00010151598,0.18471338,1.0000585,1
-0.091742344,0.2135513,0.04686243,0.064363606,0.15352319,0.039044455,0.015678886,0.42171544,0.3392188,0.42475688,1
-0.10752894,0.3972739,0.50026464,-9.816637e-05,0.3233397,0.62484664,0.22641115,-8.244178e-05,-0.037650425,0.4997939,1
-0.1007136,0.30142108,0.20007725,6.428257e-05,0.055097375,0.16652139,0.03774039,2.6802822e-05,0.22852859,0.49972722,1
-0.124268375,0.2877793,0.00029772002,0.00015452645,0.058800187,0.2499721,0.20001414,-6.5836255e-05,0.24984412,0.50026387,1
-0.08076927,0.30161917,0.09960458,0.0003775607,0.062245667,0.083377354,0.17326713,-1.5961996e-06,-0.00035667236,0.7500657,1
-0.09867595,0.32889113,0.19982629,0.00025735516,0.11771471,0.29170957,0.14636499,0.0002910869,0.095942475,0.749943,1
-0.12703305,0.3974106,0.10011443,7.46957e-05,0.06800488,0.0831608,0.30002454,0.24987997,0.12502651,-4.4860288e-05,1
-0.08563607,0.20575795,0.09980974,0.00057895464,0.060381003,0.2918286,0.037044767,-0.00017561052,0.24995607,0.2499642,1
-0.11811654,0.30146587,0.3001122,9.812167e-06,0.19299796,0.5415869,0.30001986,0.00037922524,-0.00022026557,0.25000092,1
-0.11799916,0.17789745,0.09889234,0.0013702718,0.09248289,0.24992119,0.2251643,0.24983053,0.24941625,5.738218e-05,1
-0.15816377,0.17821394,0.10023994,0.00036875549,0.06890491,0.20853859,0.4832357,-1.607807e-05,-0.00021752263,0.7498791,1
-0.09814743,0.2737917,0.39989328,0.00042563918,0.105790935,0.2916574,0.046540886,0.2498962,0.09493965,0.50015664,1
-0.08727117,0.3700956,0.20030385,0.0007665669,0.10474758,0.2918067,0.042651936,0.24988045,0.25051874,8.4222065e-06,1
-0.07454547,0.41105518,0.20020969,4.8531176e-05,0.07705418,0.08339043,0.05036881,0.24991982,0.124667585,0.25010562,1
-0.09914024,0.39739016,0.09992607,0.00024992652,0.058348197,0.5832409,0.3000431,-0.00010661437,-7.234514e-05,-8.4989595e-05,1
-0.1664607,0.38353354,0.09998308,0.00026900118,0.10329725,0.124850914,0.442129,0.49990994,0.10302448,0.9999866,1
-0.12804365,0.39712852,0.09971939,0.00024609434,0.046106435,0.08349974,0.39985004,0.24990842,-6.0128066e-05,2.9254094e-05,1
-0.11439045,0.3834278,0.19996704,0.0001362937,0.070398755,0.1250188,0.21805182,0.2500131,0.06157019,0.7500821,1
-0.14795281,0.3700555,0.19997497,0.00034705817,0.12626971,0.45831117,0.29968724,0.2499795,0.24934077,0.0003906138,1
-0.091554075,0.2878647,0.09987157,0.00017149739,0.072307445,0.0829278,0.03521893,7.255975e-05,0.2289293,0.749894,1
-0.22439548,0.26032054,0.10019365,0.000252739,0.04000813,0.20816523,0.799431,-6.5954264e-05,0.12485837,0.2499805,1
-0.10348201,0.39738056,3.1834134e-06,0.0002790466,0.04135053,0.08334259,0.29988867,0.25002682,2.492834e-06,0.24998751,1
-0.07283254,0.41096932,0.20028234,0.0004685101,0.060888775,0.20846732,0.03650793,0.24993783,0.120746605,0.750192,1
-0.12759416,0.32869503,0.09985098,0.00011774797,0.11866821,0.08331354,0.2997466,-9.433823e-05,0.124839574,0.25001386,1
-0.12890401,0.096090056,0.19934475,0.0005456329,0.051970273,0.16657886,0.19854526,-3.3365897e-05,0.12502477,0.49997145,1
-0.11319384,0.6850972,0.2991154,0.0005966905,0.09330307,0.16652304,0.1445784,0.25023463,0.20750785,-0.00016734318,1
-0.09899803,0.49314567,0.3002259,0.00016334752,0.10075677,0.20837791,0.05004715,0.24988484,0.24490985,-0.00020625538,1
-0.08379714,0.6028688,0.09964373,0.00022331584,0.09822951,0.29179418,0.15804173,8.4649655e-05,0.12375027,0.24981366,1
-0.25183654,0.4794539,0.39964038,0.00048993074,0.08189936,0.29188535,0.80020034,0.25012553,0.24992837,3.9471845e-05,1
-0.10100271,0.2738149,0.20016497,0.0002009593,0.073949024,0.1666779,0.14170264,5.572721e-05,0.091260254,0.49993572,1
-0.1421721,0.39719564,0.6998771,0.024452383,0.07705856,0.33340773,0.09544733,0.2501258,0.15073599,0.9998807,1
-0.13991344,0.3836804,0.49970663,0.0073016924,0.10461596,0.5418004,0.0074593932,0.24984765,0.47730005,0.2497978,1
-0.12786384,0.60281616,0.2997874,0.00040273592,0.10992685,0.24975139,0.20540121,-8.413139e-05,0.1646985,0.49973908,1
-0.30202755,0.20566508,0.20006089,0.00031361368,0.3998316,0.4998897,0.9999131,0.5001807,0.37499857,0.7502772,1
-0.13134088,0.17784436,0.1999483,0.00081168435,0.03421973,0.20847014,0.18331757,0.25030714,0.12508982,1.000187,1
-0.0898342,0.5752993,0.49975115,0.023358187,0.16736971,0.66637397,0.051954657,0.49996498,0.12526116,-0.0001628991,1
-0.12923028,0.24657345,0.09993699,0.00045092683,0.09052113,0.29150963,0.3998648,4.651807e-05,-0.00012739621,0.24994987,1
-0.09082555,0.6572591,-6.130518e-05,0.0004941248,0.060340367,0.49987492,0.29993612,0.24996543,-5.3617507e-05,0.0001923114,1
-0.1252789,0.16459641,0.0995763,-0.0003833391,0.046116207,0.04181129,0.2995986,-0.00018806686,4.1610634e-05,0.7499431,1
-0.14943467,0.26017043,0.30014384,0.0004918519,0.12394139,0.33318645,0.1999179,0.5000109,0.24992378,0.24994552,1
-0.09999916,0.54787856,0.099949874,0.00021089397,0.19397777,0.41685396,0.041213576,0.25033668,0.5002935,-5.8584406e-05,1
-0.11224749,0.32876116,0.1001717,0.00028779503,0.15246662,0.5418271,0.28198028,0.4999303,-0.00040148894,0.7499838,1
-0.099450596,0.3999748,-0.062554404,0.068887435,0.16118748,0.09259693,0.27368048,0.60104805,0.077858955,-0.077582255,1
-0.12523253,0.09599046,0.39992046,-0.0013347506,0.02303689,0.33336186,0.11245706,8.92485e-06,0.24979314,6.501911e-05,1
-0.13661166,0.5753116,0.10012198,8.475495e-05,0.090284154,0.08334176,0.5002975,5.749942e-05,0.00011391234,-0.00018647581,1
-0.079808824,0.26012337,0.19990398,0.0005927278,0.14967938,0.5414712,-0.0590958,0.5000604,0.37528113,0.7499816,1
-0.14818428,0.16441897,0.40016982,0.0004916361,0.09645037,0.500039,0.06193369,0.25002524,0.37467065,0.49987146,1
-0.113734305,0.2328889,0.1995901,0.00011860366,0.06055286,0.29169244,0.13038124,-0.00017383287,0.2499157,2.676175e-05,1
-0.13312782,0.46570486,0.20028217,0.00036375292,0.14914605,0.4581309,0.2854582,0.2498262,0.12507935,0.50008863,1
-0.106697,0.41085252,0.000107843516,0.00043465954,0.04476515,0.12516716,0.19995409,0.24997994,0.12491815,0.75013244,1
-0.07388903,0.39734703,0.20002577,0.00031286766,0.12680885,0.12459334,0.048253074,0.2500338,0.12539837,0.5000313,1
-0.13129254,0.26049402,0.09996819,0.00016842262,0.08008085,0.041549377,0.39982384,-0.00013712994,-0.00011656103,0.2501397,1
-0.09367941,0.24667941,0.400106,2.9418763e-05,0.18424176,0.25005403,0.03632613,0.00010900748,0.10145213,0.4999475,1
-0.12911339,0.2738891,0.19963652,8.7620036e-05,0.25416854,0.08336035,0.30009085,8.102422e-05,0.12521634,0.25032914,1
-0.102002524,0.52048886,0.099990994,-1.2991357e-05,0.13606733,0.12482205,0.254283,-0.00013338048,0.10161379,0.24994953,1
-0.031730253,0.49285343,-0.06758162,0.22094771,-0.2272335,0.22282878,0.096778296,0.26999593,0.01840236,0.2622871,1
-0.09454142,0.8495522,0.19926618,0.00043174595,0.13071,0.416764,0.044480793,7.7089506e-05,0.37279424,-0.00011957914,1
-0.15111808,0.38353097,0.09998901,0.0007093272,0.07299735,0.5002348,0.18217961,0.25002673,0.37494814,0.7499004,1
